[{"model": "admin.logentry", "pk": 1, "fields": {"action_time": "2021-10-11T19:19:06.104Z", "user": 1, "content_type": 7, "object_id": "1", "object_repr": "pressrecords.example.com", "action_flag": 2, "change_message": "[{\"changed\": {\"fields\": [\"Domain name\", \"Display name\"]}}]"}}, {"model": "admin.logentry", "pk": 2, "fields": {"action_time": "2021-10-11T19:23:17.207Z", "user": 1, "content_type": 8, "object_id": "1", "object_repr": "shanejjdunne@hotmail.com", "action_flag": 2, "change_message": "[{\"changed\": {\"fields\": [\"Verified\", \"Primary\"]}}]"}}, {"model": "admin.logentry", "pk": 3, "fields": {"action_time": "2021-10-19T08:16:48.054Z", "user": 1, "content_type": 14, "object_id": "1", "object_repr": "Vinyls", "action_flag": 1, "change_message": "[{\"added\": {}}]"}}, {"model": "admin.logentry", "pk": 4, "fields": {"action_time": "2021-10-19T08:16:58.137Z", "user": 1, "content_type": 14, "object_id": "2", "object_repr": "Turntables", "action_flag": 1, "change_message": "[{\"added\": {}}]"}}, {"model": "admin.logentry", "pk": 5, "fields": {"action_time": "2021-10-19T08:17:04.253Z", "user": 1, "content_type": 14, "object_id": "3", "object_repr": "Speakers", "action_flag": 1, "change_message": "[{\"added\": {}}]"}}, {"model": "admin.logentry", "pk": 6, "fields": {"action_time": "2021-10-19T08:17:09.590Z", "user": 1, "content_type": 14, "object_id": "4", "object_repr": "Bundles", "action_flag": 1, "change_message": "[{\"added\": {}}]"}}, {"model": "admin.logentry", "pk": 7, "fields": {"action_time": "2021-10-19T08:17:23.956Z", "user": 1, "content_type": 14, "object_id": "5", "object_repr": "Subscriptions", "action_flag": 1, "change_message": "[{\"added\": {}}]"}}, {"model": "admin.logentry", "pk": 8, "fields": {"action_time": "2021-10-19T12:04:11.372Z", "user": 1, "content_type": 15, "object_id": "1", "object_repr": "Rock", "action_flag": 1, "change_message": "[{\"added\": {}}]"}}, {"model": "admin.logentry", "pk": 9, "fields": {"action_time": "2021-10-19T12:04:25.832Z", "user": 1, "content_type": 15, "object_id": "2", "object_repr": "Hip Hop & Rap", "action_flag": 1, "change_message": "[{\"added\": {}}]"}}, {"model": "admin.logentry", "pk": 10, "fields": {"action_time": "2021-10-19T12:04:44.300Z", "user": 1, "content_type": 15, "object_id": "3", "object_repr": "Indie & Alternative", "action_flag": 1, "change_message": "[{\"added\": {}}]"}}, {"model": "admin.logentry", "pk": 11, "fields": {"action_time": "2021-10-19T12:04:56.101Z", "user": 1, "content_type": 15, "object_id": "4", "object_repr": "Pop", "action_flag": 1, "change_message": "[{\"added\": {}}]"}}, {"model": "admin.logentry", "pk": 12, "fields": {"action_time": "2021-10-19T12:05:16.777Z", "user": 1, "content_type": 15, "object_id": "5", "object_repr": "Blues", "action_flag": 1, "change_message": "[{\"added\": {}}]"}}, {"model": "admin.logentry", "pk": 13, "fields": {"action_time": "2021-10-19T12:05:23.238Z", "user": 1, "content_type": 15, "object_id": "6", "object_repr": "Jazz", "action_flag": 1, "change_message": "[{\"added\": {}}]"}}, {"model": "admin.logentry", "pk": 14, "fields": {"action_time": "2021-10-19T17:51:00.363Z", "user": 1, "content_type": 13, "object_id": "1", "object_repr": "Rumours", "action_flag": 1, "change_message": "[{\"added\": {}}]"}}, {"model": "admin.logentry", "pk": 15, "fields": {"action_time": "2021-10-19T17:52:37.236Z", "user": 1, "content_type": 13, "object_id": "2", "object_repr": "Dark Side Of The Moon", "action_flag": 1, "change_message": "[{\"added\": {}}]"}}, {"model": "admin.logentry", "pk": 16, "fields": {"action_time": "2021-10-19T17:53:38.636Z", "user": 1, "content_type": 13, "object_id": "3", "object_repr": "Abbey Road", "action_flag": 1, "change_message": "[{\"added\": {}}]"}}, {"model": "admin.logentry", "pk": 17, "fields": {"action_time": "2021-10-19T17:54:49.964Z", "user": 1, "content_type": 13, "object_id": "4", "object_repr": "Revolver", "action_flag": 1, "change_message": "[{\"added\": {}}]"}}, {"model": "admin.logentry", "pk": 18, "fields": {"action_time": "2021-10-19T17:58:16.181Z", "user": 1, "content_type": 13, "object_id": "5", "object_repr": "Hateful Of Hollow", "action_flag": 1, "change_message": "[{\"added\": {}}]"}}, {"model": "admin.logentry", "pk": 19, "fields": {"action_time": "2021-10-19T17:59:39.145Z", "user": 1, "content_type": 13, "object_id": "6", "object_repr": "Pet Sounds", "action_flag": 1, "change_message": "[{\"added\": {}}]"}}, {"model": "admin.logentry", "pk": 20, "fields": {"action_time": "2021-10-19T18:01:08.400Z", "user": 1, "content_type": 13, "object_id": "7", "object_repr": "The Stone Roses", "action_flag": 1, "change_message": "[{\"added\": {}}]"}}, {"model": "admin.logentry", "pk": 21, "fields": {"action_time": "2021-10-19T18:02:10.120Z", "user": 1, "content_type": 13, "object_id": "8", "object_repr": "Wish You Were Here", "action_flag": 1, "change_message": "[{\"added\": {}}]"}}, {"model": "admin.logentry", "pk": 22, "fields": {"action_time": "2021-10-19T18:04:53.828Z", "user": 1, "content_type": 13, "object_id": "9", "object_repr": "The Bends", "action_flag": 1, "change_message": "[{\"added\": {}}]"}}, {"model": "admin.logentry", "pk": 23, "fields": {"action_time": "2021-10-19T18:06:20.608Z", "user": 1, "content_type": 13, "object_id": "10", "object_repr": "Dogrel", "action_flag": 1, "change_message": "[{\"added\": {}}]"}}, {"model": "admin.logentry", "pk": 24, "fields": {"action_time": "2021-10-19T18:07:57.408Z", "user": 1, "content_type": 13, "object_id": "11", "object_repr": "A Hero's Death", "action_flag": 1, "change_message": "[{\"added\": {}}]"}}, {"model": "admin.logentry", "pk": 25, "fields": {"action_time": "2021-10-19T18:09:21.457Z", "user": 1, "content_type": 13, "object_id": "12", "object_repr": "AM", "action_flag": 1, "change_message": "[{\"added\": {}}]"}}, {"model": "admin.logentry", "pk": 26, "fields": {"action_time": "2021-10-19T18:10:39.371Z", "user": 1, "content_type": 13, "object_id": "13", "object_repr": "Tranquility Base Hotel & Casino", "action_flag": 1, "change_message": "[{\"added\": {}}]"}}, {"model": "admin.logentry", "pk": 27, "fields": {"action_time": "2021-10-19T18:11:49.298Z", "user": 1, "content_type": 13, "object_id": "14", "object_repr": "Is This It", "action_flag": 1, "change_message": "[{\"added\": {}}]"}}, {"model": "admin.logentry", "pk": 28, "fields": {"action_time": "2021-10-19T18:12:54.016Z", "user": 1, "content_type": 13, "object_id": "15", "object_repr": "Comedown Machine", "action_flag": 1, "change_message": "[{\"added\": {}}]"}}, {"model": "admin.logentry", "pk": 29, "fields": {"action_time": "2021-10-19T18:14:34.419Z", "user": 1, "content_type": 13, "object_id": "16", "object_repr": "Definitely Maybe", "action_flag": 1, "change_message": "[{\"added\": {}}]"}}, {"model": "admin.logentry", "pk": 30, "fields": {"action_time": "2021-10-19T18:16:00.835Z", "user": 1, "content_type": 13, "object_id": "17", "object_repr": "In Rainbows", "action_flag": 1, "change_message": "[{\"added\": {}}]"}}, {"model": "admin.logentry", "pk": 31, "fields": {"action_time": "2021-10-19T18:17:13.167Z", "user": 1, "content_type": 13, "object_id": "18", "object_repr": "Bon Iver", "action_flag": 1, "change_message": "[{\"added\": {}}]"}}, {"model": "admin.logentry", "pk": 32, "fields": {"action_time": "2021-10-19T18:19:14.213Z", "user": 1, "content_type": 13, "object_id": "19", "object_repr": "Innerspeaker (4LP 10th Anniversary Edition)", "action_flag": 1, "change_message": "[{\"added\": {}}]"}}, {"model": "admin.logentry", "pk": 33, "fields": {"action_time": "2021-10-19T18:20:30.691Z", "user": 1, "content_type": 13, "object_id": "20", "object_repr": "The Slow Rush", "action_flag": 1, "change_message": "[{\"added\": {}}]"}}, {"model": "admin.logentry", "pk": 34, "fields": {"action_time": "2021-10-19T18:22:33.093Z", "user": 1, "content_type": 13, "object_id": "21", "object_repr": "Greatest Hits", "action_flag": 1, "change_message": "[{\"added\": {}}]"}}, {"model": "admin.logentry", "pk": 35, "fields": {"action_time": "2021-10-19T18:23:51.007Z", "user": 1, "content_type": 13, "object_id": "22", "object_repr": "What Went Down", "action_flag": 1, "change_message": "[{\"added\": {}}]"}}, {"model": "admin.logentry", "pk": 36, "fields": {"action_time": "2021-10-19T18:25:43.328Z", "user": 1, "content_type": 13, "object_id": "23", "object_repr": "Good Kid M.a.a.d City", "action_flag": 1, "change_message": "[{\"added\": {}}]"}}, {"model": "admin.logentry", "pk": 37, "fields": {"action_time": "2021-10-19T18:26:43.742Z", "user": 1, "content_type": 13, "object_id": "24", "object_repr": "To Pimp A Butterfly", "action_flag": 1, "change_message": "[{\"added\": {}}]"}}, {"model": "admin.logentry", "pk": 38, "fields": {"action_time": "2021-10-19T18:28:05.422Z", "user": 1, "content_type": 13, "object_id": "25", "object_repr": "Late Registration", "action_flag": 1, "change_message": "[{\"added\": {}}]"}}, {"model": "admin.logentry", "pk": 39, "fields": {"action_time": "2021-10-19T18:29:23.939Z", "user": 1, "content_type": 13, "object_id": "26", "object_repr": "Straight Outta Compton", "action_flag": 1, "change_message": "[{\"added\": {}}]"}}, {"model": "admin.logentry", "pk": 40, "fields": {"action_time": "2021-10-19T18:30:38.543Z", "user": 1, "content_type": 13, "object_id": "27", "object_repr": "Igor", "action_flag": 1, "change_message": "[{\"added\": {}}]"}}, {"model": "admin.logentry", "pk": 41, "fields": {"action_time": "2021-10-19T18:31:48.104Z", "user": 1, "content_type": 13, "object_id": "28", "object_repr": "Enter The Wu-Tang", "action_flag": 1, "change_message": "[{\"added\": {}}]"}}, {"model": "admin.logentry", "pk": 42, "fields": {"action_time": "2021-10-19T18:33:13.624Z", "user": 1, "content_type": 13, "object_id": "29", "object_repr": "Astroworld", "action_flag": 1, "change_message": "[{\"added\": {}}]"}}, {"model": "admin.logentry", "pk": 43, "fields": {"action_time": "2021-10-19T18:35:01.501Z", "user": 1, "content_type": 13, "object_id": "30", "object_repr": "AUDIO TECHNICA TURNTABLE (ATLP60XBKBT)", "action_flag": 1, "change_message": "[{\"added\": {}}]"}}, {"model": "admin.logentry", "pk": 44, "fields": {"action_time": "2021-10-19T18:36:16.477Z", "user": 1, "content_type": 13, "object_id": "31", "object_repr": "WHARFEDALE SPEAKERS (DS2)", "action_flag": 1, "change_message": "[{\"added\": {}}]"}}, {"model": "admin.logentry", "pk": 45, "fields": {"action_time": "2021-10-19T18:44:59.760Z", "user": 1, "content_type": 13, "object_id": "8", "object_repr": "Wish You Were Here", "action_flag": 2, "change_message": "[{\"changed\": {\"fields\": [\"Image\"]}}]"}}, {"model": "admin.logentry", "pk": 46, "fields": {"action_time": "2021-10-19T18:45:52.745Z", "user": 1, "content_type": 13, "object_id": "3", "object_repr": "Abbey Road", "action_flag": 2, "change_message": "[{\"changed\": {\"fields\": [\"Image\"]}}]"}}, {"model": "admin.logentry", "pk": 47, "fields": {"action_time": "2021-10-19T19:19:50.149Z", "user": 1, "content_type": 13, "object_id": "1", "object_repr": "Rumours", "action_flag": 2, "change_message": "[{\"changed\": {\"fields\": [\"Image\"]}}]"}}, {"model": "admin.logentry", "pk": 48, "fields": {"action_time": "2021-10-19T19:19:58.107Z", "user": 1, "content_type": 13, "object_id": "1", "object_repr": "Rumours", "action_flag": 2, "change_message": "[{\"changed\": {\"fields\": [\"Image\"]}}]"}}, {"model": "admin.logentry", "pk": 49, "fields": {"action_time": "2021-10-20T19:22:07.224Z", "user": 1, "content_type": 13, "object_id": "13", "object_repr": "Tranquility Base Hotel & Casino", "action_flag": 2, "change_message": "[{\"changed\": {\"fields\": [\"Category\"]}}]"}}, {"model": "admin.logentry", "pk": 50, "fields": {"action_time": "2021-10-20T19:22:13.697Z", "user": 1, "content_type": 13, "object_id": "22", "object_repr": "What Went Down", "action_flag": 2, "change_message": "[{\"changed\": {\"fields\": [\"Category\"]}}]"}}, {"model": "admin.logentry", "pk": 51, "fields": {"action_time": "2021-10-20T19:22:19.674Z", "user": 1, "content_type": 13, "object_id": "23", "object_repr": "Good Kid M.a.a.d City", "action_flag": 2, "change_message": "[{\"changed\": {\"fields\": [\"Category\"]}}]"}}, {"model": "admin.logentry", "pk": 52, "fields": {"action_time": "2021-10-20T19:22:25.889Z", "user": 1, "content_type": 13, "object_id": "24", "object_repr": "To Pimp A Butterfly", "action_flag": 2, "change_message": "[{\"changed\": {\"fields\": [\"Category\"]}}]"}}, {"model": "admin.logentry", "pk": 53, "fields": {"action_time": "2021-10-20T19:22:32.972Z", "user": 1, "content_type": 13, "object_id": "20", "object_repr": "The Slow Rush", "action_flag": 2, "change_message": "[{\"changed\": {\"fields\": [\"Category\"]}}]"}}, {"model": "admin.logentry", "pk": 54, "fields": {"action_time": "2021-10-20T19:22:43.211Z", "user": 1, "content_type": 13, "object_id": "29", "object_repr": "Astroworld", "action_flag": 2, "change_message": "[{\"changed\": {\"fields\": [\"Category\"]}}]"}}, {"model": "admin.logentry", "pk": 55, "fields": {"action_time": "2021-10-28T18:34:25.145Z", "user": 1, "content_type": 16, "object_id": "3", "object_repr": "DF363C6A066447AAAA3BDF6849E5BCF2", "action_flag": 2, "change_message": "[{\"deleted\": {\"name\": \"order line item\", \"object\": \"SKU VIN-FWM-R-001 on order DF363C6A066447AAAA3BDF6849E5BCF2\"}}]"}}, {"model": "admin.logentry", "pk": 56, "fields": {"action_time": "2021-11-03T17:56:21.638Z", "user": 1, "content_type": 16, "object_id": "21", "object_repr": "8B958A70BAE84ED4B3D32C106803347B", "action_flag": 3, "change_message": ""}}, {"model": "admin.logentry", "pk": 57, "fields": {"action_time": "2021-11-03T17:56:21.669Z", "user": 1, "content_type": 16, "object_id": "20", "object_repr": "21D0C714926945068AC91A93ADCD71AD", "action_flag": 3, "change_message": ""}}, {"model": "admin.logentry", "pk": 58, "fields": {"action_time": "2021-11-03T17:56:21.697Z", "user": 1, "content_type": 16, "object_id": "19", "object_repr": "8A059EE78F5C447BB415B890DC3C3EEE", "action_flag": 3, "change_message": ""}}, {"model": "admin.logentry", "pk": 59, "fields": {"action_time": "2021-11-03T17:56:21.725Z", "user": 1, "content_type": 16, "object_id": "18", "object_repr": "C77DF3EBE2D64502905FED4440F52C7A", "action_flag": 3, "change_message": ""}}, {"model": "admin.logentry", "pk": 60, "fields": {"action_time": "2021-11-03T17:56:21.753Z", "user": 1, "content_type": 16, "object_id": "17", "object_repr": "125B16DBB8374E37AF278D6AD54A09F0", "action_flag": 3, "change_message": ""}}, {"model": "admin.logentry", "pk": 61, "fields": {"action_time": "2021-11-03T17:56:21.781Z", "user": 1, "content_type": 16, "object_id": "16", "object_repr": "9B462E32933042D0A2637EE8972523A0", "action_flag": 3, "change_message": ""}}, {"model": "admin.logentry", "pk": 62, "fields": {"action_time": "2021-11-03T17:56:21.808Z", "user": 1, "content_type": 16, "object_id": "15", "object_repr": "A225D821CD464F7DAD4420B1E5577251", "action_flag": 3, "change_message": ""}}, {"model": "admin.logentry", "pk": 63, "fields": {"action_time": "2021-11-03T17:56:21.836Z", "user": 1, "content_type": 16, "object_id": "14", "object_repr": "B077D4254A6B4413B385E514C9A1FEAF", "action_flag": 3, "change_message": ""}}, {"model": "admin.logentry", "pk": 64, "fields": {"action_time": "2021-11-03T17:56:21.864Z", "user": 1, "content_type": 16, "object_id": "13", "object_repr": "6EC2839FB868444696D71AA57667631C", "action_flag": 3, "change_message": ""}}, {"model": "admin.logentry", "pk": 65, "fields": {"action_time": "2021-11-03T17:56:21.892Z", "user": 1, "content_type": 16, "object_id": "12", "object_repr": "5437135465B3455CA7E322B725D537F3", "action_flag": 3, "change_message": ""}}, {"model": "admin.logentry", "pk": 66, "fields": {"action_time": "2021-11-03T17:56:21.919Z", "user": 1, "content_type": 16, "object_id": "11", "object_repr": "FA5073068B6B4354A662812ACD663A22", "action_flag": 3, "change_message": ""}}, {"model": "admin.logentry", "pk": 67, "fields": {"action_time": "2021-11-03T17:56:21.947Z", "user": 1, "content_type": 16, "object_id": "10", "object_repr": "0FD7899053294F1A81BBA40ABA63DCF5", "action_flag": 3, "change_message": ""}}, {"model": "admin.logentry", "pk": 68, "fields": {"action_time": "2021-11-03T17:56:21.976Z", "user": 1, "content_type": 16, "object_id": "9", "object_repr": "CF3C8751DE7943DB9B58D46B8BC17E75", "action_flag": 3, "change_message": ""}}, {"model": "admin.logentry", "pk": 69, "fields": {"action_time": "2021-11-03T17:56:22.005Z", "user": 1, "content_type": 16, "object_id": "8", "object_repr": "F019BE35852F46AB8E80DD3346EA8BAE", "action_flag": 3, "change_message": ""}}, {"model": "admin.logentry", "pk": 70, "fields": {"action_time": "2021-11-03T17:56:22.033Z", "user": 1, "content_type": 16, "object_id": "7", "object_repr": "F4E1EFB31A0B4D9C92F1CAA8F8C848DE", "action_flag": 3, "change_message": ""}}, {"model": "admin.logentry", "pk": 71, "fields": {"action_time": "2021-11-03T17:56:22.062Z", "user": 1, "content_type": 16, "object_id": "6", "object_repr": "1989229B5D71462086D6437DBEE95876", "action_flag": 3, "change_message": ""}}, {"model": "admin.logentry", "pk": 72, "fields": {"action_time": "2021-11-03T17:56:22.094Z", "user": 1, "content_type": 16, "object_id": "5", "object_repr": "BBAE8F78D1B441118F4C4E2B15ADAE18", "action_flag": 3, "change_message": ""}}, {"model": "admin.logentry", "pk": 73, "fields": {"action_time": "2021-11-03T17:56:22.122Z", "user": 1, "content_type": 16, "object_id": "4", "object_repr": "7D393A46C17E44B2A998A5B4E7391232", "action_flag": 3, "change_message": ""}}, {"model": "admin.logentry", "pk": 74, "fields": {"action_time": "2021-11-03T17:56:22.150Z", "user": 1, "content_type": 16, "object_id": "3", "object_repr": "DF363C6A066447AAAA3BDF6849E5BCF2", "action_flag": 3, "change_message": ""}}, {"model": "admin.logentry", "pk": 75, "fields": {"action_time": "2021-11-03T17:56:22.181Z", "user": 1, "content_type": 16, "object_id": "2", "object_repr": "880014754B51479A84248BCCE10D90F7", "action_flag": 3, "change_message": ""}}, {"model": "admin.logentry", "pk": 76, "fields": {"action_time": "2021-11-03T17:56:22.212Z", "user": 1, "content_type": 16, "object_id": "1", "object_repr": "9052A4CA36D7486FA1CB2AC1BC412DFE", "action_flag": 3, "change_message": ""}}, {"model": "admin.logentry", "pk": 77, "fields": {"action_time": "2021-11-05T12:08:45.506Z", "user": 2, "content_type": 19, "object_id": "1", "object_repr": "Tame Impala: InnerSpeaker – 10th Anniversary Edition – album (reissue) review", "action_flag": 1, "change_message": "[{\"added\": {}}]"}}, {"model": "admin.logentry", "pk": 78, "fields": {"action_time": "2021-11-05T12:09:11.133Z", "user": 2, "content_type": 19, "object_id": "1", "object_repr": "Tame Impala: InnerSpeaker – 10th Anniversary Edition – album (reissue) review", "action_flag": 3, "change_message": ""}}, {"model": "admin.logentry", "pk": 79, "fields": {"action_time": "2021-11-05T12:09:59.895Z", "user": 2, "content_type": 19, "object_id": "2", "object_repr": "Tame Impala: InnerSpeaker – 10th Anniversary Edition – album (reissue) review", "action_flag": 1, "change_message": "[{\"added\": {}}]"}}, {"model": "admin.logentry", "pk": 80, "fields": {"action_time": "2021-11-05T15:52:19.396Z", "user": 2, "content_type": 19, "object_id": "4", "object_repr": "Tame Impala: InnerSpeaker – 10th Anniversary Edition – album review", "action_flag": 1, "change_message": "[{\"added\": {}}]"}}, {"model": "admin.logentry", "pk": 81, "fields": {"action_time": "2021-11-05T15:52:31.347Z", "user": 2, "content_type": 19, "object_id": "2", "object_repr": "Tame Impala: InnerSpeaker – 10th Anniversary Edition – album (reissue) review", "action_flag": 3, "change_message": ""}}, {"model": "admin.logentry", "pk": 82, "fields": {"action_time": "2021-11-08T10:16:21.545Z", "user": 2, "content_type": 20, "object_id": "31", "object_repr": "Default Name", "action_flag": 3, "change_message": ""}}, {"model": "admin.logentry", "pk": 83, "fields": {"action_time": "2021-11-08T10:16:21.582Z", "user": 2, "content_type": 20, "object_id": "30", "object_repr": "Default Name", "action_flag": 3, "change_message": ""}}, {"model": "admin.logentry", "pk": 84, "fields": {"action_time": "2021-11-08T10:16:21.635Z", "user": 2, "content_type": 20, "object_id": "29", "object_repr": "Default Name", "action_flag": 3, "change_message": ""}}, {"model": "admin.logentry", "pk": 85, "fields": {"action_time": "2021-11-08T10:16:21.701Z", "user": 2, "content_type": 20, "object_id": "28", "object_repr": "Default Name", "action_flag": 3, "change_message": ""}}, {"model": "admin.logentry", "pk": 86, "fields": {"action_time": "2021-11-08T10:16:21.747Z", "user": 2, "content_type": 20, "object_id": "27", "object_repr": "Default Name", "action_flag": 3, "change_message": ""}}, {"model": "admin.logentry", "pk": 87, "fields": {"action_time": "2021-11-08T10:16:21.819Z", "user": 2, "content_type": 20, "object_id": "26", "object_repr": "Default Name", "action_flag": 3, "change_message": ""}}, {"model": "admin.logentry", "pk": 88, "fields": {"action_time": "2021-11-08T10:16:21.872Z", "user": 2, "content_type": 20, "object_id": "25", "object_repr": "Default Name", "action_flag": 3, "change_message": ""}}, {"model": "admin.logentry", "pk": 89, "fields": {"action_time": "2021-11-08T10:16:21.921Z", "user": 2, "content_type": 20, "object_id": "24", "object_repr": "Default Name", "action_flag": 3, "change_message": ""}}, {"model": "admin.logentry", "pk": 90, "fields": {"action_time": "2021-11-08T10:16:21.970Z", "user": 2, "content_type": 20, "object_id": "23", "object_repr": "Default Name", "action_flag": 3, "change_message": ""}}, {"model": "admin.logentry", "pk": 91, "fields": {"action_time": "2021-11-08T10:16:22.023Z", "user": 2, "content_type": 20, "object_id": "22", "object_repr": "Default Name", "action_flag": 3, "change_message": ""}}, {"model": "admin.logentry", "pk": 92, "fields": {"action_time": "2021-11-08T10:16:22.076Z", "user": 2, "content_type": 20, "object_id": "21", "object_repr": "Default Name", "action_flag": 3, "change_message": ""}}, {"model": "admin.logentry", "pk": 93, "fields": {"action_time": "2021-11-08T10:16:22.127Z", "user": 2, "content_type": 20, "object_id": "20", "object_repr": "Default Name", "action_flag": 3, "change_message": ""}}, {"model": "admin.logentry", "pk": 94, "fields": {"action_time": "2021-11-08T10:16:22.172Z", "user": 2, "content_type": 20, "object_id": "19", "object_repr": "Default Name", "action_flag": 3, "change_message": ""}}, {"model": "admin.logentry", "pk": 95, "fields": {"action_time": "2021-11-08T10:16:22.213Z", "user": 2, "content_type": 20, "object_id": "18", "object_repr": "Default Name", "action_flag": 3, "change_message": ""}}, {"model": "admin.logentry", "pk": 96, "fields": {"action_time": "2021-11-08T10:16:22.251Z", "user": 2, "content_type": 20, "object_id": "17", "object_repr": "Default Name", "action_flag": 3, "change_message": ""}}, {"model": "admin.logentry", "pk": 97, "fields": {"action_time": "2021-11-08T10:16:22.288Z", "user": 2, "content_type": 20, "object_id": "16", "object_repr": "Default Name", "action_flag": 3, "change_message": ""}}, {"model": "admin.logentry", "pk": 98, "fields": {"action_time": "2021-11-08T10:16:22.328Z", "user": 2, "content_type": 20, "object_id": "15", "object_repr": "Default Name", "action_flag": 3, "change_message": ""}}, {"model": "admin.logentry", "pk": 99, "fields": {"action_time": "2021-11-08T10:16:22.367Z", "user": 2, "content_type": 20, "object_id": "14", "object_repr": "Default Name", "action_flag": 3, "change_message": ""}}, {"model": "admin.logentry", "pk": 100, "fields": {"action_time": "2021-11-08T10:16:22.407Z", "user": 2, "content_type": 20, "object_id": "13", "object_repr": "Default Name", "action_flag": 3, "change_message": ""}}, {"model": "admin.logentry", "pk": 101, "fields": {"action_time": "2021-11-08T10:16:22.449Z", "user": 2, "content_type": 20, "object_id": "12", "object_repr": "Default Name", "action_flag": 3, "change_message": ""}}, {"model": "admin.logentry", "pk": 102, "fields": {"action_time": "2021-11-08T10:16:22.499Z", "user": 2, "content_type": 20, "object_id": "11", "object_repr": "Default Name", "action_flag": 3, "change_message": ""}}, {"model": "admin.logentry", "pk": 103, "fields": {"action_time": "2021-11-08T10:16:22.545Z", "user": 2, "content_type": 20, "object_id": "10", "object_repr": "Default Name", "action_flag": 3, "change_message": ""}}, {"model": "admin.logentry", "pk": 104, "fields": {"action_time": "2021-11-08T10:16:22.587Z", "user": 2, "content_type": 20, "object_id": "9", "object_repr": "Default Name", "action_flag": 3, "change_message": ""}}, {"model": "admin.logentry", "pk": 105, "fields": {"action_time": "2021-11-08T10:16:22.628Z", "user": 2, "content_type": 20, "object_id": "8", "object_repr": "Default Name", "action_flag": 3, "change_message": ""}}, {"model": "admin.logentry", "pk": 106, "fields": {"action_time": "2021-11-08T10:16:22.677Z", "user": 2, "content_type": 20, "object_id": "7", "object_repr": "Default Name", "action_flag": 3, "change_message": ""}}, {"model": "admin.logentry", "pk": 107, "fields": {"action_time": "2021-11-08T10:16:22.727Z", "user": 2, "content_type": 20, "object_id": "6", "object_repr": "Default Name", "action_flag": 3, "change_message": ""}}, {"model": "admin.logentry", "pk": 108, "fields": {"action_time": "2021-11-08T10:16:22.776Z", "user": 2, "content_type": 20, "object_id": "5", "object_repr": "Default Name", "action_flag": 3, "change_message": ""}}, {"model": "admin.logentry", "pk": 109, "fields": {"action_time": "2021-11-08T10:16:22.824Z", "user": 2, "content_type": 20, "object_id": "4", "object_repr": "Default Name", "action_flag": 3, "change_message": ""}}, {"model": "admin.logentry", "pk": 110, "fields": {"action_time": "2021-11-08T10:16:22.864Z", "user": 2, "content_type": 20, "object_id": "3", "object_repr": "Default Name", "action_flag": 3, "change_message": ""}}, {"model": "admin.logentry", "pk": 111, "fields": {"action_time": "2021-11-08T10:16:22.906Z", "user": 2, "content_type": 20, "object_id": "2", "object_repr": "Default Name", "action_flag": 3, "change_message": ""}}, {"model": "admin.logentry", "pk": 112, "fields": {"action_time": "2021-11-08T10:16:22.951Z", "user": 2, "content_type": 20, "object_id": "1", "object_repr": "Default Name", "action_flag": 3, "change_message": ""}}, {"model": "admin.logentry", "pk": 113, "fields": {"action_time": "2021-11-08T14:22:54.688Z", "user": 2, "content_type": 20, "object_id": "32", "object_repr": "Fleetwood Mac", "action_flag": 1, "change_message": "[{\"added\": {}}]"}}, {"model": "admin.logentry", "pk": 114, "fields": {"action_time": "2021-11-08T14:23:01.686Z", "user": 2, "content_type": 20, "object_id": "33", "object_repr": "Pink Floyd", "action_flag": 1, "change_message": "[{\"added\": {}}]"}}, {"model": "admin.logentry", "pk": 115, "fields": {"action_time": "2021-11-08T14:23:09.904Z", "user": 2, "content_type": 20, "object_id": "34", "object_repr": "The Beatles", "action_flag": 1, "change_message": "[{\"added\": {}}]"}}, {"model": "admin.logentry", "pk": 116, "fields": {"action_time": "2021-11-08T14:23:16.293Z", "user": 2, "content_type": 20, "object_id": "35", "object_repr": "The Smiths", "action_flag": 1, "change_message": "[{\"added\": {}}]"}}, {"model": "admin.logentry", "pk": 117, "fields": {"action_time": "2021-11-08T14:23:22.296Z", "user": 2, "content_type": 20, "object_id": "36", "object_repr": "The Beach Boys", "action_flag": 1, "change_message": "[{\"added\": {}}]"}}, {"model": "admin.logentry", "pk": 118, "fields": {"action_time": "2021-11-08T14:23:32.162Z", "user": 2, "content_type": 20, "object_id": "37", "object_repr": "The Stone Roses", "action_flag": 1, "change_message": "[{\"added\": {}}]"}}, {"model": "admin.logentry", "pk": 119, "fields": {"action_time": "2021-11-08T14:23:37.702Z", "user": 2, "content_type": 20, "object_id": "38", "object_repr": "Radiohead", "action_flag": 1, "change_message": "[{\"added\": {}}]"}}, {"model": "admin.logentry", "pk": 120, "fields": {"action_time": "2021-11-08T14:24:00.553Z", "user": 2, "content_type": 20, "object_id": "39", "object_repr": "Fontaines D.C.", "action_flag": 1, "change_message": "[{\"added\": {}}]"}}, {"model": "admin.logentry", "pk": 121, "fields": {"action_time": "2021-11-08T14:24:01.374Z", "user": 2, "content_type": 20, "object_id": "40", "object_repr": "Fontaines D.C.", "action_flag": 1, "change_message": "[{\"added\": {}}]"}}, {"model": "admin.logentry", "pk": 122, "fields": {"action_time": "2021-11-08T14:24:41.166Z", "user": 2, "content_type": 20, "object_id": "41", "object_repr": "The Strokes", "action_flag": 1, "change_message": "[{\"added\": {}}]"}}, {"model": "admin.logentry", "pk": 123, "fields": {"action_time": "2021-11-08T14:24:44.502Z", "user": 2, "content_type": 20, "object_id": "42", "object_repr": "Oasis", "action_flag": 1, "change_message": "[{\"added\": {}}]"}}, {"model": "admin.logentry", "pk": 124, "fields": {"action_time": "2021-11-08T14:24:51.021Z", "user": 2, "content_type": 20, "object_id": "43", "object_repr": "Bon Iver", "action_flag": 1, "change_message": "[{\"added\": {}}]"}}, {"model": "admin.logentry", "pk": 125, "fields": {"action_time": "2021-11-08T14:24:56.375Z", "user": 2, "content_type": 20, "object_id": "44", "object_repr": "Tame Impala", "action_flag": 1, "change_message": "[{\"added\": {}}]"}}, {"model": "admin.logentry", "pk": 126, "fields": {"action_time": "2021-11-08T14:25:03.904Z", "user": 2, "content_type": 20, "object_id": "45", "object_repr": "White Stripes", "action_flag": 1, "change_message": "[{\"added\": {}}]"}}, {"model": "admin.logentry", "pk": 127, "fields": {"action_time": "2021-11-08T14:25:09.036Z", "user": 2, "content_type": 20, "object_id": "46", "object_repr": "Foals", "action_flag": 1, "change_message": "[{\"added\": {}}]"}}, {"model": "admin.logentry", "pk": 128, "fields": {"action_time": "2021-11-08T14:25:13.786Z", "user": 2, "content_type": 20, "object_id": "47", "object_repr": "Kendrick Lamar", "action_flag": 1, "change_message": "[{\"added\": {}}]"}}, {"model": "admin.logentry", "pk": 129, "fields": {"action_time": "2021-11-08T14:25:21.026Z", "user": 2, "content_type": 20, "object_id": "48", "object_repr": "Kanye West", "action_flag": 1, "change_message": "[{\"added\": {}}]"}}, {"model": "admin.logentry", "pk": 130, "fields": {"action_time": "2021-11-08T14:25:29.004Z", "user": 2, "content_type": 20, "object_id": "49", "object_repr": "N.W.A", "action_flag": 1, "change_message": "[{\"added\": {}}]"}}, {"model": "admin.logentry", "pk": 131, "fields": {"action_time": "2021-11-08T14:25:47.546Z", "user": 2, "content_type": 20, "object_id": "50", "object_repr": "Tyler, The Creator", "action_flag": 1, "change_message": "[{\"added\": {}}]"}}, {"model": "admin.logentry", "pk": 132, "fields": {"action_time": "2021-11-08T14:25:57.640Z", "user": 2, "content_type": 20, "object_id": "51", "object_repr": "Wu Tang Clan", "action_flag": 1, "change_message": "[{\"added\": {}}]"}}, {"model": "admin.logentry", "pk": 133, "fields": {"action_time": "2021-11-08T14:26:13.176Z", "user": 2, "content_type": 13, "object_id": "29", "object_repr": "Astroworld", "action_flag": 3, "change_message": ""}}, {"model": "admin.logentry", "pk": 134, "fields": {"action_time": "2021-11-08T14:26:34.407Z", "user": 2, "content_type": 20, "object_id": "40", "object_repr": "Fontaines D.C.", "action_flag": 3, "change_message": ""}}, {"model": "admin.logentry", "pk": 135, "fields": {"action_time": "2021-11-08T14:27:21.099Z", "user": 2, "content_type": 20, "object_id": "52", "object_repr": "Arctic Monkeys", "action_flag": 1, "change_message": "[{\"added\": {}}]"}}, {"model": "admin.logentry", "pk": 136, "fields": {"action_time": "2021-11-08T14:28:05.169Z", "user": 2, "content_type": 13, "object_id": "12", "object_repr": "AM", "action_flag": 2, "change_message": "[{\"changed\": {\"fields\": [\"Artist name\", \"Artist link\"]}}]"}}, {"model": "admin.logentry", "pk": 137, "fields": {"action_time": "2021-11-08T14:28:14.773Z", "user": 2, "content_type": 13, "object_id": "13", "object_repr": "Tranquility Base Hotel & Casino", "action_flag": 2, "change_message": "[{\"changed\": {\"fields\": [\"Artist link\"]}}]"}}, {"model": "admin.logentry", "pk": 138, "fields": {"action_time": "2021-11-08T14:28:22.544Z", "user": 2, "content_type": 13, "object_id": "18", "object_repr": "Bon Iver", "action_flag": 2, "change_message": "[{\"changed\": {\"fields\": [\"Artist link\"]}}]"}}, {"model": "admin.logentry", "pk": 139, "fields": {"action_time": "2021-11-08T14:28:31.380Z", "user": 2, "content_type": 13, "object_id": "22", "object_repr": "What Went Down", "action_flag": 2, "change_message": "[{\"changed\": {\"fields\": [\"Artist link\"]}}]"}}, {"model": "admin.logentry", "pk": 140, "fields": {"action_time": "2021-11-08T14:28:38.366Z", "user": 2, "content_type": 13, "object_id": "11", "object_repr": "A Hero's Death", "action_flag": 2, "change_message": "[{\"changed\": {\"fields\": [\"Artist link\"]}}]"}}, {"model": "admin.logentry", "pk": 141, "fields": {"action_time": "2021-11-08T14:28:47.177Z", "user": 2, "content_type": 13, "object_id": "10", "object_repr": "Dogrel", "action_flag": 2, "change_message": "[{\"changed\": {\"fields\": [\"Artist link\"]}}]"}}, {"model": "admin.logentry", "pk": 142, "fields": {"action_time": "2021-11-08T14:28:54.586Z", "user": 2, "content_type": 13, "object_id": "1", "object_repr": "Rumours", "action_flag": 2, "change_message": "[{\"changed\": {\"fields\": [\"Artist link\"]}}]"}}, {"model": "admin.logentry", "pk": 143, "fields": {"action_time": "2021-11-08T14:29:01.406Z", "user": 2, "content_type": 13, "object_id": "23", "object_repr": "Good Kid M.a.a.d City", "action_flag": 2, "change_message": "[{\"changed\": {\"fields\": [\"Artist link\"]}}]"}}, {"model": "admin.logentry", "pk": 144, "fields": {"action_time": "2021-11-08T14:29:08.661Z", "user": 2, "content_type": 13, "object_id": "24", "object_repr": "To Pimp A Butterfly", "action_flag": 2, "change_message": "[{\"changed\": {\"fields\": [\"Artist link\"]}}]"}}, {"model": "admin.logentry", "pk": 145, "fields": {"action_time": "2021-11-08T14:29:22.615Z", "user": 2, "content_type": 13, "object_id": "25", "object_repr": "Late Registration", "action_flag": 2, "change_message": "[{\"changed\": {\"fields\": [\"Artist link\"]}}]"}}, {"model": "admin.logentry", "pk": 146, "fields": {"action_time": "2021-11-08T14:29:32.491Z", "user": 2, "content_type": 13, "object_id": "26", "object_repr": "Straight Outta Compton", "action_flag": 2, "change_message": "[{\"changed\": {\"fields\": [\"Artist link\"]}}]"}}, {"model": "admin.logentry", "pk": 147, "fields": {"action_time": "2021-11-08T14:29:38.514Z", "user": 2, "content_type": 13, "object_id": "16", "object_repr": "Definitely Maybe", "action_flag": 2, "change_message": "[{\"changed\": {\"fields\": [\"Artist link\"]}}]"}}, {"model": "admin.logentry", "pk": 148, "fields": {"action_time": "2021-11-08T14:29:45.587Z", "user": 2, "content_type": 13, "object_id": "2", "object_repr": "Dark Side Of The Moon", "action_flag": 2, "change_message": "[{\"changed\": {\"fields\": [\"Artist link\"]}}]"}}, {"model": "admin.logentry", "pk": 149, "fields": {"action_time": "2021-11-08T14:29:52.434Z", "user": 2, "content_type": 13, "object_id": "8", "object_repr": "Wish You Were Here", "action_flag": 2, "change_message": "[{\"changed\": {\"fields\": [\"Artist link\"]}}]"}}, {"model": "admin.logentry", "pk": 150, "fields": {"action_time": "2021-11-08T14:30:06.589Z", "user": 2, "content_type": 13, "object_id": "17", "object_repr": "In Rainbows", "action_flag": 2, "change_message": "[{\"changed\": {\"fields\": [\"Artist link\"]}}]"}}, {"model": "admin.logentry", "pk": 151, "fields": {"action_time": "2021-11-08T14:30:15.475Z", "user": 2, "content_type": 13, "object_id": "9", "object_repr": "The Bends", "action_flag": 2, "change_message": "[{\"changed\": {\"fields\": [\"Artist link\"]}}]"}}, {"model": "admin.logentry", "pk": 152, "fields": {"action_time": "2021-11-08T14:30:24.368Z", "user": 2, "content_type": 13, "object_id": "3", "object_repr": "Abbey Road", "action_flag": 2, "change_message": "[{\"changed\": {\"fields\": [\"Artist link\"]}}]"}}, {"model": "admin.logentry", "pk": 153, "fields": {"action_time": "2021-11-08T14:30:32.108Z", "user": 2, "content_type": 13, "object_id": "3", "object_repr": "Abbey Road", "action_flag": 2, "change_message": "[]"}}, {"model": "admin.logentry", "pk": 154, "fields": {"action_time": "2021-11-08T14:30:39.671Z", "user": 2, "content_type": 13, "object_id": "4", "object_repr": "Revolver", "action_flag": 2, "change_message": "[{\"changed\": {\"fields\": [\"Artist link\"]}}]"}}, {"model": "admin.logentry", "pk": 155, "fields": {"action_time": "2021-11-08T14:30:50.316Z", "user": 2, "content_type": 13, "object_id": "6", "object_repr": "Pet Sounds", "action_flag": 2, "change_message": "[{\"changed\": {\"fields\": [\"Artist link\"]}}]"}}, {"model": "admin.logentry", "pk": 156, "fields": {"action_time": "2021-11-08T14:30:58.477Z", "user": 2, "content_type": 13, "object_id": "19", "object_repr": "Innerspeaker (4LP 10th Anniversary Edition)", "action_flag": 2, "change_message": "[{\"changed\": {\"fields\": [\"Artist link\"]}}]"}}, {"model": "admin.logentry", "pk": 157, "fields": {"action_time": "2021-11-08T14:31:05.413Z", "user": 2, "content_type": 13, "object_id": "20", "object_repr": "The Slow Rush", "action_flag": 2, "change_message": "[{\"changed\": {\"fields\": [\"Artist link\"]}}]"}}, {"model": "admin.logentry", "pk": 158, "fields": {"action_time": "2021-11-08T14:31:21.967Z", "user": 2, "content_type": 13, "object_id": "15", "object_repr": "Comedown Machine", "action_flag": 2, "change_message": "[{\"changed\": {\"fields\": [\"Artist link\"]}}]"}}, {"model": "admin.logentry", "pk": 159, "fields": {"action_time": "2021-11-08T14:31:28.638Z", "user": 2, "content_type": 13, "object_id": "5", "object_repr": "Hateful Of Hollow", "action_flag": 2, "change_message": "[{\"changed\": {\"fields\": [\"Artist link\"]}}]"}}, {"model": "admin.logentry", "pk": 160, "fields": {"action_time": "2021-11-08T14:31:35.566Z", "user": 2, "content_type": 13, "object_id": "14", "object_repr": "Is This It", "action_flag": 2, "change_message": "[{\"changed\": {\"fields\": [\"Artist link\"]}}]"}}, {"model": "admin.logentry", "pk": 161, "fields": {"action_time": "2021-11-08T14:31:42.140Z", "user": 2, "content_type": 13, "object_id": "7", "object_repr": "The Stone Roses", "action_flag": 2, "change_message": "[{\"changed\": {\"fields\": [\"Artist link\"]}}]"}}, {"model": "admin.logentry", "pk": 162, "fields": {"action_time": "2021-11-08T14:31:49.468Z", "user": 2, "content_type": 13, "object_id": "27", "object_repr": "Igor", "action_flag": 2, "change_message": "[{\"changed\": {\"fields\": [\"Artist link\"]}}]"}}, {"model": "admin.logentry", "pk": 163, "fields": {"action_time": "2021-11-08T14:31:55.805Z", "user": 2, "content_type": 13, "object_id": "21", "object_repr": "Greatest Hits", "action_flag": 2, "change_message": "[{\"changed\": {\"fields\": [\"Artist link\"]}}]"}}, {"model": "admin.logentry", "pk": 164, "fields": {"action_time": "2021-11-08T14:32:08.238Z", "user": 2, "content_type": 13, "object_id": "28", "object_repr": "Enter The Wu-Tang", "action_flag": 2, "change_message": "[{\"changed\": {\"fields\": [\"Artist link\"]}}]"}}, {"model": "admin.logentry", "pk": 165, "fields": {"action_time": "2021-11-10T08:51:25.788Z", "user": 5, "content_type": 21, "object_id": "2", "object_repr": "super123", "action_flag": 3, "change_message": ""}}, {"model": "admin.logentry", "pk": 166, "fields": {"action_time": "2021-11-10T18:04:02.952Z", "user": 6, "content_type": 13, "object_id": "11", "object_repr": "A Hero's Death", "action_flag": 2, "change_message": "[]"}}, {"model": "admin.logentry", "pk": 167, "fields": {"action_time": "2021-11-10T18:04:12.649Z", "user": 6, "content_type": 13, "object_id": "24", "object_repr": "To Pimp A Butterfly", "action_flag": 2, "change_message": "[{\"changed\": {\"fields\": [\"Is feature\"]}}]"}}, {"model": "admin.logentry", "pk": 168, "fields": {"action_time": "2021-11-10T18:04:33.887Z", "user": 6, "content_type": 13, "object_id": "17", "object_repr": "In Rainbows", "action_flag": 2, "change_message": "[{\"changed\": {\"fields\": [\"Is feature\"]}}]"}}, {"model": "admin.logentry", "pk": 169, "fields": {"action_time": "2021-11-11T08:18:19.446Z", "user": 6, "content_type": 13, "object_id": "31", "object_repr": "WHARFEDALE SPEAKERS (DS2)", "action_flag": 2, "change_message": "[{\"changed\": {\"fields\": [\"Is hifi deal\"]}}]"}}, {"model": "admin.logentry", "pk": 170, "fields": {"action_time": "2021-11-11T08:18:25.569Z", "user": 6, "content_type": 13, "object_id": "30", "object_repr": "AUDIO TECHNICA TURNTABLE (ATLP60XBKBT)", "action_flag": 2, "change_message": "[{\"changed\": {\"fields\": [\"Is hifi deal\"]}}]"}}, {"model": "admin.logentry", "pk": 171, "fields": {"action_time": "2021-11-11T08:36:24.148Z", "user": 6, "content_type": 13, "object_id": "12", "object_repr": "AM", "action_flag": 2, "change_message": "[{\"changed\": {\"fields\": [\"Is hifi deal\"]}}]"}}, {"model": "admin.logentry", "pk": 172, "fields": {"action_time": "2021-11-11T18:05:57.036Z", "user": 6, "content_type": 21, "object_id": "3", "object_repr": "superuser", "action_flag": 3, "change_message": ""}}, {"model": "admin.logentry", "pk": 173, "fields": {"action_time": "2021-11-11T18:08:59.884Z", "user": 7, "content_type": 4, "object_id": "3", "object_repr": "testtest", "action_flag": 3, "change_message": ""}}, {"model": "admin.logentry", "pk": 174, "fields": {"action_time": "2021-11-11T19:43:12.808Z", "user": 7, "content_type": 13, "object_id": "12", "object_repr": "AM", "action_flag": 2, "change_message": "[{\"changed\": {\"fields\": [\"Is hifi deal\"]}}]"}}, {"model": "admin.logentry", "pk": 175, "fields": {"action_time": "2021-11-11T19:56:30.217Z", "user": 7, "content_type": 13, "object_id": "12", "object_repr": "AM", "action_flag": 2, "change_message": "[{\"changed\": {\"fields\": [\"Is hifi deal\"]}}]"}}, {"model": "admin.logentry", "pk": 176, "fields": {"action_time": "2021-11-11T19:56:37.474Z", "user": 7, "content_type": 13, "object_id": "13", "object_repr": "Tranquility Base Hotel & Casino", "action_flag": 2, "change_message": "[{\"changed\": {\"fields\": [\"Is hifi deal\"]}}]"}}, {"model": "admin.logentry", "pk": 177, "fields": {"action_time": "2021-11-11T19:56:46.391Z", "user": 7, "content_type": 13, "object_id": "18", "object_repr": "Bon Iver", "action_flag": 2, "change_message": "[{\"changed\": {\"fields\": [\"Is hifi deal\"]}}]"}}, {"model": "admin.logentry", "pk": 178, "fields": {"action_time": "2021-11-11T19:56:57.294Z", "user": 7, "content_type": 13, "object_id": "22", "object_repr": "What Went Down", "action_flag": 2, "change_message": "[{\"changed\": {\"fields\": [\"Is hifi deal\"]}}]"}}, {"model": "auth.user", "pk": 1, "fields": {"password": "pbkdf2_sha256$260000$d6pxbGoFVKfTEiTIv2pVKA$LS0f1/A4ADgK7xrioPvKO5mLIq0UzuBAn0osXUFEB14=", "last_login": "2021-11-04T09:08:27.353Z", "is_superuser": true, "username": "shaneadmin", "first_name": "", "last_name": "", "email": "shanejjdunne@hotmail.com", "is_staff": true, "is_active": true, "date_joined": "2021-10-11T19:02:04.602Z", "groups": [], "user_permissions": []}}, {"model": "auth.user", "pk": 2, "fields": {"password": "pbkdf2_sha256$260000$zYmu7U6nBCEUd9c4BKUAaH$yCR6B8rCrkODlVARffipIHEs/4jA6EYI0LsqEFEkaSY=", "last_login": "2021-11-07T14:34:16.479Z", "is_superuser": true, "username": "shopadmin", "first_name": "", "last_name": "", "email": "shanejjdunne@gmail.com", "is_staff": true, "is_active": true, "date_joined": "2021-11-04T09:14:06.022Z", "groups": [], "user_permissions": []}}, {"model": "auth.user", "pk": 4, "fields": {"password": "pbkdf2_sha256$260000$BpWRfI94FLbe1fGHLJC8Pg$q7AsN8p9rfz7X2CWzKMfYekJohxbatq6zpfDq3IruH0=", "last_login": "2021-11-09T20:36:13.635Z", "is_superuser": false, "username": "tutor111", "first_name": "", "last_name": "", "email": "test111@test.com", "is_staff": false, "is_active": true, "date_joined": "2021-11-09T20:35:44.531Z", "groups": [], "user_permissions": []}}, {"model": "auth.user", "pk": 5, "fields": {"password": "pbkdf2_sha256$260000$Wkf3mGwaJtVxNLP6rAGEZr$St4tbWPCpbm/SlJMx0IpqTIq958EFHZTbs3GHMIJNt0=", "last_login": "2021-11-10T17:38:35.577Z", "is_superuser": true, "username": "super123", "first_name": "", "last_name": "", "email": "super123@test.com", "is_staff": true, "is_active": true, "date_joined": "2021-11-09T21:08:31.303Z", "groups": [], "user_permissions": []}}, {"model": "auth.user", "pk": 6, "fields": {"password": "pbkdf2_sha256$260000$Izhm8l9cT6zNU0JTcwYBB1$6M0QITzicefmhf8OWvQcwlGgGuZzUhqc/eKR5ewvobY=", "last_login": "2021-11-10T17:41:46.597Z", "is_superuser": true, "username": "superuser", "first_name": "", "last_name": "", "email": "lucidymusic@gmail.com", "is_staff": true, "is_active": true, "date_joined": "2021-11-10T17:40:27.178Z", "groups": [], "user_permissions": []}}, {"model": "auth.user", "pk": 7, "fields": {"password": "pbkdf2_sha256$260000$LjvTn1P7kZKEI65jiPwwLP$PC6sFAWWWEnbggPYU6TMAXSJ9TssH0KPlg61zz82qFM=", "last_login": "2021-11-11T18:08:39.054Z", "is_superuser": true, "username": "super123123", "first_name": "", "last_name": "", "email": "test@test.com", "is_staff": true, "is_active": true, "date_joined": "2021-11-11T18:07:25.560Z", "groups": [], "user_permissions": []}}, {"model": "sessions.session", "pk": "6mn2sivf0b80rrrydnqg6kyg4yxr8k43", "fields": {"session_data": "e30:1miYjT:O-9qhi6iplHOwT_Qvhkc9yX32x6VpF6fFe1DGWwubPc", "expire_date": "2021-11-18T09:08:27.321Z"}}, {"model": "sessions.session", "pk": "duk7ah6zuhku568wpza8lz194mqv0qm5", "fields": {"session_data": "eyJiYWciOnsiMiI6MX19:1mfH7D:cRZNOAkbiMj2wXnPyvXLfK22fyJbHnDyi1nzmgXdjeo", "expire_date": "2021-11-09T07:43:23.740Z"}}, {"model": "sessions.session", "pk": "dx4gj1eudd2gsbmddwjsxga5k3g9k2tm", "fields": {"session_data": ".eJxVjMsOwiAQRf-FtSFMeVi7dO83kGEYLWqggTbRGP9dm3Sh23vOPS_hcZlHvzSuPkUxCBC73y0g3TivIF4xX4qkkueaglwVudEmTyXy_bi5f4ER2_h9d8oBWLIOtVPQQ8fBdmTAOUB10JZpT6YnRqNBM3HQxiKxshh7OGuzRhu3lkr2_JhSfYpBvT9PmT6I:1ma0tg:VyKUuSV6OX1bfbPnzqpR6hCJT5nxgtrE1RmoaM9Czco", "expire_date": "2021-10-25T19:23:40.932Z"}}, {"model": "sessions.session", "pk": "k2ncsm58z4wybmy283ys030hfs00oty0", "fields": {"session_data": "eyJiYWciOnsiMSI6MX19:1mhpff:Io-4nKW6mAUHod3MbBLuOl6oKkRX0MmQuKeUTPvvyrs", "expire_date": "2021-11-16T09:01:31.817Z"}}, {"model": "sessions.session", "pk": "kspsr66mwkt0wvxu3h8rvh4mzmvn1v4v", "fields": {"session_data": ".eJxVjM0OwiAQhN-FsyEtuPx49O4zkIVdpGogKe3J-O62SQ-azGm-b-YtAq5LCWvnOUwkLsKK028XMT257oAeWO9NplaXeYpyV-RBu7w14tf1cP8OCvayrQcizRFAJT-iMpCVA3_OkTW5bMyQtnj2rHTm0VKyDE4hJlCadYQsPl_yvjhy:1mlGBt:o8264YF_qyXVfZDj5IUq28u1zbN4wfQwMWFR8eYghKU", "expire_date": "2021-11-25T19:56:57.492Z"}}, {"model": "sessions.session", "pk": "kym70gsxr9wqkic4jme4i1bjku0ub6s5", "fields": {"session_data": ".eJzFjzFvgzAQhf-KdTNCgEHELJWqLh0qdegWImT7zuCUQsSBkijKf6-jJFUzdO743r37nt4JGiZmPw4NHXZ-OkKVRNDoZe6ahWlqPEIFBTx4RttPGi4H3OqhHWM7DvPkTXyJxLcrx28jUv98yz4AOs1d-C7RKGlXpCVmBnOHBRqTuLxYOUSlyRZW5rlSpXTWkVNpgbgqk1JiIRObuQA1uoXqBKmCKj2Hjq8wRrfEgb5e19A0Ww7Tbm4NkUgikRWRqOGjI7H33PWeZ1HXS5aklpcdTWkmrxLFXrMIG2gmFLxYGzBu6ftjXMMmEn_xZXLh_7D3fu7E68u9I7vDcSQerkLNgg4hG4t3mjq9Y-Hn3-VP_9C3gfM3qnCyTw:1mkjKM:yAL3M921ZNNGm8b_7V_qXhWTts_VITcHMZXUVInyzjs", "expire_date": "2021-11-24T08:51:30.294Z"}}, {"model": "sessions.session", "pk": "mfxyf8g0jhbj3up2juwn4kftdatav5up", "fields": {"session_data": ".eJxdjMtugzAQRf_F6xZ5DNgZlt33G6x5AWkiSDFpFEX594KUTbs9597zcPlCpdzmRfNixdZ8srvrHP2cv4f0jlE1pEgIFBn9oQmSMAaDVtLBY3BvLtN1HfO12JKPuj3_MSY52bQL_aJpmCuZp3U5crVPqpct1eesdv54bf8ERirjnlX1Iiixt6jQqoegNYVGiQEwMHGktucmkUdtdePY9HUtwhY8CGxRpsF1Dwe16-D5_AV8HlBR:1mj2BS:EUwXoH1T51yxEDltbWyBhpnloxU5lNLVfFpl34gtCMc", "expire_date": "2021-11-19T16:35:18.648Z"}}, {"model": "sessions.session", "pk": "qn7806aex9fcgh9pg1ng1ivu15x97ees", "fields": {"session_data": ".eJxljN0KwiAYQN_F6yHTOTd32X3PIP58Nss0dEYRvXtsjCC6PedwXkgZk2pc5B2ydx6shKvyAU2xhtB8bS2Q0YQYapBUdZk3IL39Z1qZC8RV2LOKp4RNikv2Gq8J3m3Bx2QhHPb2ZzCrMq9bN2pmnWN8BGJ5awwfxeCs0syoXhPiNOmAciJG3ouhpdwyIlwHohOUim1aoBSfooTHzecnmtr3B5PJUJA:1mkYnk:2itBrbFUXvqq-FJU-SZDY94qkgt_GzV6CRiRyltd4f0", "expire_date": "2021-11-23T21:37:08.465Z"}}, {"model": "sessions.session", "pk": "rsmetd9blq6vecx37lqqr82m4z4rjbg0", "fields": {"session_data": ".eJxVjEsKwjAUAO_y1hKS9CNx6d4zhPerjUoiTQuKeHctdNPtzDAfiFVrTSVHfT3T9IaTPUDEZR7jUnWKSeAEHnaMkO-aVyE3zNdiuOR5SmTWxGy2mksRfZy3djcYsY7rVsQyB-4H7cV1Yp2XBn0rSM4FT0g9dgO1R7RBOvnz0A5Nw0zqrWMH3x82x0Ay:1mjTWX:cl7DINaZuNOYkwECfV9QJhaEX2e6-xFDbd4ivYQd8Bw", "expire_date": "2021-11-20T21:46:53.411Z"}}, {"model": "sessions.session", "pk": "sh8fmx3uq3hfymqpx8u823axitkz7ygm", "fields": {"session_data": ".eJxVjstugzAQRX_FnU03CNnmUcGy-3xAFSJr7BnAaWsiG6RGUf69RmLRLmZz7tG98wCD2zqbLXE0nqAHDcVfZtF9ctgDumKYltItYY3elrtSHmkqTwvx1_vh_iuYMc17LZF0rnPtyC2phqTSVKGuCa1SnbZoW2xGW7-h7KihzLt6rCrnLGupnNpLE6fkl2D45-bjHXpZgMUJ-kd-ulfPbHxnAydOefB8HsCYa8r-QQcohCxEnW-Aj2UT5Cm8roLDylFguIvEGN0sXPSZeHwZ4HKB5y9QQGCH:1mkXWI:10f6jZPVqfGbm2D1PNFFBgOd_4oFkbLISJsZ_LZn-hQ", "expire_date": "2021-11-23T20:15:02.288Z"}}, {"model": "sessions.session", "pk": "tli3hvd11hefax2b80fhvpkvvwnpteu4", "fields": {"session_data": ".eJxVjcFuwyAQRH8FcbYQMUY2OfbeU49xhIBdbBIXR94gNar678WSD-31zZuZb25dec62EG42AT9zzZu_zLtwx7wHcHN5WkVY83NLXuyKOFIS7yvg8na4_wZmR3Nt9-CNCgM6Ba2HLoIG72Xs9BABjMOgg-o6Y3oVQ8RoThpg6GWvQCsZ2riPEhKlNVv8eqTtxc-yss_K3IRULy6XkVt7o2ocdOQNkw1rdcNG_lFCqDiWZXkxSlNGYCkzR4zKA7dTq8TIr1f-8wsAyVxa:1mkrYR:8vFWIQl_tFBBgoI-aiikFoyhHrZVX5xMhBehTPvFmTA", "expire_date": "2021-11-24T17:38:35.665Z"}}, {"model": "sessions.session", "pk": "v436y80giurpx4qqp8c7zqxb5fybbjiq", "fields": {"session_data": ".eJxVT8tugzAQ_BVrzwhhXgaOvffWW4istb0EpxQiFiuNovx7jcoll5V2ZnZm5wmaidkvs6bfm18f0GUJaAzbqAPTqr2DDmp4wwzab5p3wl1xviypXeZt9SbdJenBcvq5OJo-Du2bwYg8xutKltSahlCVBbqiLVQr27LOCU1llBnIZYMyubTlYAqFcnANKcxUi5Wp86aJpgYv0D1BQicTyON8xaCf2AgvxDHidOpB6yvHfgfaQyKyRORVInr4GkncPY-T5030fcgzaTncaN3f_N-duCOL2IQ2coKDtdFnCNP0SHs4n-H1B0UwamE:1mlEST:Aq5uLRbqhMW3j7WoXqT0u0pcJvvtrW0G-JtidZNR5aE", "expire_date": "2021-11-25T18:05:57.065Z"}}, {"model": "sessions.session", "pk": "w7cs9zyebdln1qvvqpsxtnn23sr2mjra", "fields": {"session_data": "e30:1miYiE:bVR1Yih3L2IPi7d-spt7fzm69Qr7eD79lrSL26FMYwc", "expire_date": "2021-11-18T09:07:10.463Z"}}, {"model": "sites.site", "pk": 1, "fields": {"domain": "pressrecords.example.com", "name": "Press Records"}}, {"model": "account.emailaddress", "pk": 1, "fields": {"user": 1, "email": "shanejjdunne@hotmail.com", "verified": true, "primary": true}}, {"model": "account.emailaddress", "pk": 2, "fields": {"user": 2, "email": "shanejjdunne@gmail.com", "verified": true, "primary": true}}, {"model": "account.emailaddress", "pk": 4, "fields": {"user": 4, "email": "test111@test.com", "verified": true, "primary": true}}, {"model": "account.emailaddress", "pk": 5, "fields": {"user": 5, "email": "super123@test.com", "verified": true, "primary": true}}, {"model": "account.emailaddress", "pk": 6, "fields": {"user": 6, "email": "lucidymusic@gmail.com", "verified": true, "primary": true}}, {"model": "products.category", "pk": 1, "fields": {"name": "Vinyls", "friendly_name": "Vinyls"}}, {"model": "products.category", "pk": 2, "fields": {"name": "Turntables", "friendly_name": "Turntables"}}, {"model": "products.category", "pk": 3, "fields": {"name": "Speakers", "friendly_name": "Speakers"}}, {"model": "products.category", "pk": 4, "fields": {"name": "Bundles", "friendly_name": "Bundles"}}, {"model": "products.category", "pk": 5, "fields": {"name": "Subscriptions", "friendly_name": "Subscriptions"}}, {"model": "products.product", "pk": 1, "fields": {"category": 1, "sku": "VIN-FWM-R-001", "name": "Rumours", "artist_name": 32, "description": "Remastered and re-released version of the classic eleventh album from the legendary British-American rock band. Originally released in 1977, 2012 marks the 35th anniversary of the album's release. This version features the original eleven tracks, which include 'The Chain', 'Don't Stop', 'Go Your Own Way' and 'Dreams'.", "track_list": "1. Second Hand News - Fleetwood Mac (2.56)\r\n2. Dreams - Fleetwood Mac (4.17)\r\n3. Never Going Back Again - Fleetwood Mac (2.14)\r\n4. Don't Stop - Fleetwood Mac (3.13)\r\n5. Go Your Own Way - Fleetwood Mac (3.43)\r\n6. Songbird - Fleetwood Mac (3.2)\r\n7. The Chain - Fleetwood Mac (4.29)\r\n8. You Make Loving Fun - Fleetwood Mac (3.33)\r\n9. I Don't Want to Know - Fleetwood Mac (3.16)\r\n10. Oh Daddy - Fleetwood Mac (3.56)\r\n11. Gold Dust Woman - Fleetwood Mac (4.55)", "genre": 1, "price": "19.95", "is_feature": false, "is_hifi_deal": false, "rating": null, "image_url": null, "image": "fleetwood_mac_rumours_ULXlg5I.png"}}, {"model": "products.product", "pk": 2, "fields": {"category": 1, "sku": "VIN-PF-DSM-001", "name": "Dark Side Of The Moon", "artist_name": 33, "description": "Eighth studio album by the legendary English progressive rock band. Remastered and re-released as part of the 'Why Pink Floyd...?' campaign, the album is widely regarded as one of the greatest of all time and includes the tracks 'The Great Gig in the Sky', 'Money', 'Time', 'Any Colour You Like' and 'Us and Them'.", "track_list": "1. Speak to Me - Pink Floyd (1.3)\r\n2. Breathe - Pink Floyd (2.43)\r\n3. On the Run - Pink Floyd (3.3)\r\n4. Time - Pink Floyd (6.53)\r\n5. The Great Gig in the Sky - Pink Floyd (4.15)\r\n6. Money - Pink Floyd (6.3)\r\n7. Us and Them - Pink Floyd (7.51)\r\n8. Any Colour You Like - Pink Floyd (3.24)\r\n9. Brain Damage - Pink Floyd (3.5)\r\n10. Eclipse - Pink Floyd (1.45)", "genre": 1, "price": "24.95", "is_feature": false, "is_hifi_deal": false, "rating": null, "image_url": null, "image": "pink_floyd_dsotm.png"}}, {"model": "products.product", "pk": 3, "fields": {"category": 1, "sku": "VIN-TB-AR-001", "name": "Abbey Road", "artist_name": 34, "description": "Features the 2019 stereo album mix, sourced directly from the original eight-track session tapes. To produce the mix, Giles Martin working with Sam Okell, was guided by the album's original stereo mix supervised by his father, George Martin.", "track_list": "1. Come Together - The Beatles (4.21)\r\n2. Something - The Beatles (3.03)\r\n3. Maxwell's Silver Hammer - The Beatles (3.27)\r\n4. Oh! Darling - The Beatles (3.27)\r\n5. Octopus's Garden - The Beatles (2.51)\r\n6. I Want You (She's So Heavy) - The Beatles (7.47)\r\n7. Here Comes the Sun - The Beatles (3.06)\r\n8. Because - The Beatles (2.46)\r\n9. You Never Give Me Your Money - The Beatles (4.02)\r\n10. Sun King - The Beatles (2.26)\r\n11. Mean Mr. Mustard - The Beatles (1.06)\r\n12. Polythene Pam - The Beatles (1.13)\r\n13. She Came in Through the Bathroom Window - The Beatles (1.58)\r\n14. Golden Slumbers - The Beatles (1.32)\r\n15. Carry That Weight - The Beatles (1.37)\r\n16. The End - The Beatles (2.2)\r\n17. Her Majesty - The Beatles (0.23)", "genre": 1, "price": "29.95", "is_feature": false, "is_hifi_deal": false, "rating": null, "image_url": null, "image": "tb_ar.png"}}, {"model": "products.product", "pk": 4, "fields": {"category": 1, "sku": "VIN-TB-R-001", "name": "Revolver", "artist_name": 34, "description": "Seventh studio album by the popular British rock band. The album was the Beatles' final recording project before their retirement as live performers and marked the group's most overt use of studio technology to date, building on the advances of their late 1965 release 'Rubber Soul'. The album features the classic tracks 'Eleanor Rigby', 'Yellow Submarine' and 'Tomorrow Never Knows'.", "track_list": "1. Taxman - The Beatles (2.39)\r\n2. Eleanor Rigby - The Beatles (2.08)\r\n3. I'm Only Sleeping - The Beatles (3.02)\r\n4. Love You To - The Beatles (3.01)\r\n5. Here, There and Everywhere - The Beatles (2.26)\r\n6. Yellow Submarine - The Beatles (2.4)\r\n7. She Said She Said - The Beatles (2.37)\r\n8. Good Day Sunshine - The Beatles (2.1)\r\n9. And Your Bird Can Sing - The Beatles (2.02)\r\n10. For No One - The Beatles (2.02)\r\n11. Doctor Robert - The Beatles (2.15)\r\n12. I Want to Tell You - The Beatles (2.3)\r\n13. Got to Get You Into My Life - The Beatles (2.31)\r\n14. Tomorrow Never Knows - The Beatles (2.57)", "genre": 1, "price": "23.95", "is_feature": false, "is_hifi_deal": false, "rating": null, "image_url": null, "image": "tb_revolver.png"}}, {"model": "products.product", "pk": 5, "fields": {"category": 1, "sku": "VIN-TS-HOH-001", "name": "Hateful Of Hollow", "artist_name": 35, "description": "Hatful of Hollow' is a compilation of The Smiths' earliest moments, with many tracks taken from John Peel sessions. This gives them a rawer feel to their album contemporaries but unlike many session compilations this works pretty brilliantly as an album. It also contains early singles and B sides showcasing some of their very best songs such as 'Heaven Knows I'm Miserable Now', 'William, It Was Really Nothing', 'Girl Afraid' and 'How Soon Is Now?'", "track_list": "1. William, It Was Really Nothing - The Smiths (2.1)\r\n2. What Difference Does It Make? - The Smiths (3.12)\r\n3. These Things Take Time - The Smiths (2.33)\r\n4. This Charming Man - The Smiths (2.43)\r\n5. How Soon Is Now? - The Smiths (6.45)\r\n6. Handsome Devil - The Smiths (2.46)\r\n7. Hand in Glove - The Smiths (3.15)\r\n8. Still Ill - The Smiths (3.33)\r\n9. Heaven Knows I'm Miserable Now - The Smiths (3.34)\r\n10. This Night Has Opened My Eyes - The Smiths (3.4)\r\n11. You've Got Everything Now - The Smiths (4.19)\r\n12. Accept Yourself - The Smiths (4.02)\r\n13. Girl Afraid - The Smiths (2.49)\r\n14. Back to the Old House - The Smiths (3.03)\r\n15. Reel Around the Fountain - The Smiths (5.51)\r\n16. Please, Please, Please, Let Me Get What I Want - The Smiths (1.52)", "genre": 1, "price": "21.95", "is_feature": false, "is_hifi_deal": false, "rating": null, "image_url": null, "image": "ts_hoh.png"}}, {"model": "products.product", "pk": 6, "fields": {"category": 1, "sku": "VIN-TBB-PS-001", "name": "Pet Sounds", "artist_name": 36, "description": "The Beach Boys' iconic 1966 album, 'Pet Sounds', is universally hailed as one of popular music's most important recordings of all time. It contains the classic tracks 'Wouldn't It Be Nice', 'Sloop John B' and 'God Only Knows'. This expanded edition was released in 2016 to mark the album's 50th anniversary.", "track_list": "1. Wouldn't It Be Nice - The Beach Boys\r\n2. You Still Believe in Me - The Beach Boys\r\n3. That's Not Me - The Beach Boys\r\n4. Don't Talk (Put Your Head On My Shoulder) - The Beach Boys\r\n5. I'm Waiting for the Day - The Beach Boys\r\n6. Let's Go Away for Awhile - The Beach Boys\r\n7. Sloop John B - The Beach Boys\r\n8. God Only Knows - The Beach Boys\r\n9. I Know There's an Answer - The Beach Boys\r\n10. Here Today - The Beach Boys\r\n11. I Just Wasn't Made for These Times - The Beach Boys\r\n12. Pet Sounds - The Beach Boys\r\n13. Caroline, No - The Beach Boys", "genre": 1, "price": "23.95", "is_feature": false, "is_hifi_deal": false, "rating": null, "image_url": null, "image": "tbb_ps.png"}}, {"model": "products.product", "pk": 7, "fields": {"category": 1, "sku": "VIN-TSR-TSR-001", "name": "The Stone Roses", "artist_name": 37, "description": "Classic debut album by the English rock band, originally released in 1989. The album was a breakthrough success for the band and garnered critical acclaim, with many critics regarding it as one of the greatest British albums ever recorded. It includes the singles 'Made of Stone', 'She Bangs the Drums' and 'I Wanna Be Adored'.", "track_list": "1. I Wanna Be Adored - The Stone Roses (4.52)\r\n2. She Bangs the Drums - The Stone Roses (3.42)\r\n3. Waterfall - The Stone Roses (4.37)\r\n4. Don't Stop - The Stone Roses (5.17)\r\n5. Bye Bye Badman - The Stone Roses (4)\r\n6. Elizabeth My Dear - The Stone Roses (0.59)\r\n7. (Song for My) Sugar Spun Sister - The Stone Roses (3.25)\r\n8. Made of Stone - The Stone Roses (4.1)\r\n9. Shoot You Down - The Stone Roses (4.1)\r\n10. This Is the One - The Stone Roses (4.58)\r\n11. I Am the Resurrection - The Stone Roses (8.12)", "genre": 1, "price": "24.95", "is_feature": false, "is_hifi_deal": false, "rating": null, "image_url": null, "image": "tsr_tsr.png"}}, {"model": "products.product", "pk": 8, "fields": {"category": 1, "sku": "VIN-PF-WYWH-001", "name": "Wish You Were Here", "artist_name": 33, "description": "The ninth studio album by the English progressive rock band. The album's themes include criticism of the music business, alienation, and a tribute to founding member Syd Barrett, who left seven years earlier with deteriorating mental health. Like their previous record, 'The Dark Side of the Moon' (1973), Pink Floyd used studio effects and synthesisers. Features the singles 'Have a Cigar' and 'Welcome to the Machine'.", "track_list": "1. Shine On You Crazy Diamond_ Parts 1-5 - Pink Floyd (13.38)\r\n2. Welcome to the Machine - Pink Floyd (7.3)\r\n3. Have a Cigar - Pink Floyd (5.24)\r\n4. Wish You Were Here - Pink Floyd (5.17)\r\n5. Shine On You Crazy Diamond (Parts 6 - 9) - Pink Floyd (12.29)", "genre": null, "price": "18.95", "is_feature": false, "is_hifi_deal": false, "rating": null, "image_url": null, "image": "pf_wywh.png"}}, {"model": "products.product", "pk": 9, "fields": {"category": 1, "sku": "VIN-R-TB-001", "name": "The Bends", "artist_name": 38, "description": "The Bends is the second studio album by the English rock band Radiohead, released on 8 March 1995 by Parlophone. Most tracks were produced by John Leckie, with extra production by Radiohead, Nigel Godrich and Jim Warren. It was the first Radiohead album with cover art by Stanley Donwood, who, with singer Thom Yorke, has produced all of Radiohead's artwork since.", "track_list": "1. Planet Telex - Radiohead (4.19)\r\n2. The Bends - Radiohead (4.06)\r\n3. High and Dry - Radiohead (4.18)\r\n4. Fake Plastic Trees - Radiohead (4.51)\r\n5. Bones - Radiohead (3.09)\r\n6. Nice Dream - Radiohead (3.53)\r\n7. Just - Radiohead (3.54)\r\n8. My Iron Lung - Radiohead (4.36)\r\n9. Bullet Proof.. I Wish I Was - Radiohead (3.29)\r\n10. Black Star - Radiohead (4.07)\r\n11. Sulk - Radiohead (3.43)\r\n12. Street Spirit (Fade Out) - Radiohead (4.12)", "genre": 3, "price": "22.95", "is_feature": false, "is_hifi_deal": false, "rating": null, "image_url": null, "image": "r_tb.png"}}, {"model": "products.product", "pk": 10, "fields": {"category": 1, "sku": "VIN-FDC-D-001", "name": "Dogrel", "artist_name": 39, "description": "Having discovered a shared love of poetry and a common zeal for authentic self-expression, the evolution of Fontaines D.C. has been swift, sure and seemingly effortless. 'We were encouraging each other to be who we believed ourselves to be all the time' - Grian Chatten, lead vocals.", "track_list": "1. Big - Fontaines D.C.\r\n2. Sha Sha Sha - Fontaines D.C.\r\n3. Too Real - Fontaines D.C.\r\n4. Television Screen - Fontaines D.C.\r\n5. Hurricane Laughter - Fontaines D.C.\r\n6. Roy's Tune - Fontaines D.C.\r\n7. The Lotts - Fontaines D.C.\r\n8. Chequeless Reckless - Fontaines D.C.\r\n9. Liberty Belle - Fontaines D.C.\r\n10. Boys in the Better Land - Fontaines D.C.\r\n11. Dublin City Sky - Fontaines D.C.", "genre": 3, "price": "21.95", "is_feature": false, "is_hifi_deal": false, "rating": null, "image_url": null, "image": "fdc_d.png"}}, {"model": "products.product", "pk": 11, "fields": {"category": 1, "sku": "VIN-FDC-AHD-001", "name": "A Hero's Death", "artist_name": 39, "description": "Barely a year after the release of their hugely acclaimed debut album 'Dogrel', which earned a Mercury Prize nomination and Album of the Year 2019 at both BBC 6Music and Rough Trade record store, Dublin’s Fontaines D.C. have returned with an intensely confident, patient, and complex follow up album. 'A Hero's Death' arrives battered and bruised, albeit beautiful - a heady and philosophical take on the modern world, and its great uncertainty.", "track_list": "A1 I Don't Belong\r\nA2 Love Is The Main Thing\r\nA3 Televised Mind\r\nA4 A Lucid Dream\r\nA5 You Said\r\nA6 Oh Such A Spring\r\nB1 A Hero's Death\r\nB2 Living In America\r\nB3 I Was Not Born\r\nB4 Sunny\r\nB5 No", "genre": 3, "price": "21.95", "is_feature": true, "is_hifi_deal": false, "rating": null, "image_url": null, "image": "fdc_ahd.png"}}, {"model": "products.product", "pk": 12, "fields": {"category": 1, "sku": "VIN-AM-AM-001", "name": "AM", "artist_name": 52, "description": "Fifth studio album by the English rock band. The album features the singles 'R U Mine?', 'Do I Wanna Know?' and 'Why'd You Only Call Me When You're High?' It also features guest appearances from Josh Homme, Peter Thomas and Bill Ryder-Jones. Produced by James Ford and Ross Orton, the album entered the UK Albums Chart at #1 and was named 'British Album of the Year' at the 2014 Brit Awards.", "track_list": "1. Do I Wanna Know? - Arctic Monkeys (4.32)\r\n2. R U Mine? - Arctic Monkeys (3.2)\r\n3. One for the Road - Arctic Monkeys (3.26)\r\n4. Arabella - Arctic Monkeys (3.27)\r\n5. I Want It All - Arctic Monkeys (3.04)\r\n6. No. 1 Party Anthem - Arctic Monkeys (4.03)\r\n7. Mad Sounds - Arctic Monkeys (3.35)\r\n8. Fireside - Arctic Monkeys (3.01)\r\n9. Why'd You Only Call Me When You're High - Arctic Monkeys (2.42)\r\n10. Snap Out of It - Arctic Monkeys (3.12)\r\n11. Knee Socks - Arctic Monkeys (4.17)\r\n12. I Wanna Be Yours - Arctic Monkeys (3.04)", "genre": 3, "price": "28.95", "is_feature": false, "is_hifi_deal": true, "rating": null, "image_url": null, "image": "am_am.png"}}, {"model": "products.product", "pk": 13, "fields": {"category": 1, "sku": "VIN-AM-TBHC-001", "name": "Tranquility Base Hotel & Casino", "artist_name": 52, "description": "Sixth studio album by the English rock band. The album debuted at #1 on the UK Albums Charts and sees the band departing from their usual guitar-heavy work and exploring other genres such as lounge pop, space pop, glam rock and psychedelic pop. Singles include 'Four Out of Five' and 'Tranquility Base Hotel + Casino'.", "track_list": "1. Star Treatment - Arctic Monkeys (5.54)\r\n2. One Point Perspective - Arctic Monkeys (3.28)\r\n3. American Sports - Arctic Monkeys (2.38)\r\n4. Tranquility Base Hotel + Casino - Arctic Monkeys (3.32)\r\n5. Golden Trunks - Arctic Monkeys (2.53)\r\n6. Four Out of Five - Arctic Monkeys (5.12)\r\n7. The World's First Ever Monster Truck Front Flip - Arctic Monkeys (3)\r\n8. Science Fiction - Arctic Monkeys (3.05)\r\n9. She Looks Like Fun - Arctic Monkeys (3.02)\r\n10. Batphone - Arctic Monkeys (4.31)\r\n11. The Ultracheese - Arctic Monkeys (3.37)", "genre": 3, "price": "28.95", "is_feature": true, "is_hifi_deal": true, "rating": null, "image_url": null, "image": "am_tbhc.png"}}, {"model": "products.product", "pk": 14, "fields": {"category": 1, "sku": "VIN-TS-ITI-001", "name": "Is This It", "artist_name": 41, "description": "The American rock band's critically acclaimed debut studio album. Building on their 2001 EP 'The Modern Age', the band members moulded compositions largely through live takes during recording sessions, while songwriter and lead singer Julian Casablancas continued to detail the lives and relationships of urban youth. Three singles were released from the album: 'Hard to Explain'/'New York City Cops', 'Last Nite', and 'Someday'.", "track_list": "1. Is This It - The Strokes (2.35)\r\n2. The Modern Age - The Strokes (3.33)\r\n3. Soma - The Strokes (2.38)\r\n4. Barely Legal - The Strokes (3.58)\r\n5. Someday - The Strokes (3.07)\r\n6. Alone, Together - The Strokes (3.12)\r\n7. Last Nite - The Strokes (3.18)\r\n8. Hard to Explain - The Strokes (3.48)\r\n9. New York City Cops - The Strokes (3.36)\r\n10. Trying Your Luck - The Strokes (3.28)\r\n11. Take It Or Leave It - The Strokes (3.16)", "genre": 3, "price": "21.95", "is_feature": false, "is_hifi_deal": false, "rating": null, "image_url": null, "image": "ts-iti.png"}}, {"model": "products.product", "pk": 15, "fields": {"category": 1, "sku": "VIN-TS-CM-001", "name": "Comedown Machine", "artist_name": 41, "description": "Fifth studio album by the American indie rock band. Featuring the single 'All the Time', the album entered the UK Albums Chart at #10 and received critical acclaim from various reviewers.", "track_list": "1. Tap Out - The Strokes (3.42)\r\n2. All the Time - The Strokes (3.01)\r\n3. One Way Trigger - The Strokes (4.02)\r\n4. Welcome to Japan - The Strokes (3.5)\r\n5. 80's Comedown Machine - The Strokes (4.58)\r\n6. 50/50 - The Strokes (2.43)\r\n7. Slow Animals - The Strokes (4.2)\r\n8. Partners in Crime - The Strokes (3.21)\r\n9. Chances - The Strokes (3.36)\r\n10. Happy Endings - The Strokes (2.52)\r\n11. Call It Fate, Call It Karma - The Strokes (3.24)", "genre": 3, "price": "20.95", "is_feature": false, "is_hifi_deal": false, "rating": null, "image_url": null, "image": "ts_cm.png"}}, {"model": "products.product", "pk": 16, "fields": {"category": 1, "sku": "VIN-O-DM-001", "name": "Definitely Maybe", "artist_name": 42, "description": "Definitely Maybe is the debut studio album by English rock band Oasis, released by Creation Records on 29 August 1994.", "track_list": "1. Rock 'N' Roll Star - Oasis (5.23)\r\n2. Shakermaker - Oasis (5.08)\r\n3. Live Forever - Oasis (4.36)\r\n4. Up in the Sky - Oasis (4.28)\r\n5. Columbia - Oasis (6.17)\r\n6. Supersonic - Oasis (4.43)\r\n7. Bring It On Down - Oasis (4.17)\r\n8. Cigarettes & Alcohol - Oasis (4.49)\r\n9. Digsy's Dinner - Oasis (2.32)\r\n10. Slide Away - Oasis (6.32)\r\n11. Married With Children - Oasis (3.12)", "genre": 1, "price": "21.95", "is_feature": false, "is_hifi_deal": false, "rating": null, "image_url": null, "image": "o_dm.png"}}, {"model": "products.product", "pk": 17, "fields": {"category": 1, "sku": "VIN-R-IR-001", "name": "In Rainbows", "artist_name": 38, "description": "In Rainbows is the seventh studio album by the English rock band Radiohead. It was self-released on 10 October 2007 as a pay-what-you-want download, followed by a physical release internationally through XL Recordings and in North America through TBD Records. It was Radiohead's first release after their recording contract with EMI ended with their album Hail to the Thief (2003).", "track_list": "1. 15 Step - Radiohead (3.58)\r\n2. Bodysnatchers - Radiohead (4.02)\r\n3. Nude - Radiohead (4.15)\r\n4. Weird Fishes/Arpeggi - Radiohead (5.18)\r\n5. All I Need - Radiohead (3.48)\r\n6. Faust Arp - Radiohead (2.09)\r\n7. Reckoner - Radiohead (4.5)\r\n8. House of Cards - Radiohead (5.28)\r\n9. Jigsaw Falling Into Place - Radiohead (4.09)\r\n10. Videotape - Radiohead (4.42)", "genre": 3, "price": "23.95", "is_feature": true, "is_hifi_deal": false, "rating": null, "image_url": null, "image": "r_ir.png"}}, {"model": "products.product", "pk": 18, "fields": {"category": 1, "sku": "VIN-BI-BI-001", "name": "Bon Iver", "artist_name": 43, "description": "Second studio album by the American indie-folk group. The follow-up to their critically-acclaimed debut record, 'For Emma, Forever Ago' (2008), the album sees the band adopting a more complex and orchestral sound. Tracks include 'Calgary' and 'Perth'.", "track_list": "1. Perth - Bon Iver (4.22)\r\n2. Minnesota, WI - Bon Iver (3.52)\r\n3. Holocene - Bon Iver (5.37)\r\n4. Towers - Bon Iver (3.08)\r\n5. Michicant - Bon Iver (3.42)\r\n6. Hinnom, TX - Bon Iver (2.45)\r\n7. Wash. - Bon Iver (4.59)\r\n8. Calgary - Bon Iver (4.1)\r\n9. Lisbon, OH - Bon Iver (1.33)\r\n10. Beth/Rest - Bon Iver (5.17)", "genre": 3, "price": "24.95", "is_feature": false, "is_hifi_deal": true, "rating": null, "image_url": null, "image": "bi_bi.png"}}, {"model": "products.product", "pk": 19, "fields": {"category": 1, "sku": "VIN-TI-ITAE-001", "name": "Innerspeaker (4LP 10th Anniversary Edition)", "artist_name": 44, "description": "Debut studio album by the Australian psychedelic musical project or multi-instrumentalist Kevin Parker. Recorded at a remote beach shack in Western Australia during the winter of 2009, the album was originally released on 21 May 2010. It was acclaimed by critics for its reminiscence of 1960s psychedelic rock. To celebrate the 10th anniversary of its release, Tame Impala present a deluxe, 4LP reissue of 'InnerSpeaker'.", "track_list": "1. It Is Not Meant to Be - Tame Impala\r\n2. Desire Be, Desire Go - Tame Impala\r\n3. Alter Ego - Tame Impala\r\n4. Lucidity - Tame Impala\r\n5. Why Won't You Make Up Your Mind? - Tame Impala\r\n6. Solitude Is Bliss - Tame Impala\r\n1. Jeremy's Storm - Tame Impala\r\n2. Expectation - Tame Impala\r\n3. The Bold Arrow of Time - Tame Impala\r\n4. Runway, Houses, City, Clouds - Tame Impala\r\n5. I Don't Really Mind - Tame Impala\r\n1. Alter Ego - Tame Impala\r\n2. Runway, Houses, City, Clouds - Tame Impala\r\n3. Why Won't You Make Up Your Mind? - Tame Impala\r\n4. It Is Not Meant to Be - Tame Impala\r\n1. Demos/Ideas (Demo) - Tame Impala\r\n2. Jam With Sav - Tame Impala", "genre": 3, "price": "65.95", "is_feature": true, "is_hifi_deal": false, "rating": null, "image_url": null, "image": "ti_itea.png"}}, {"model": "products.product", "pk": 20, "fields": {"category": 1, "sku": "VIN-TI-TSR-001", "name": "The Slow Rush", "artist_name": 44, "description": "Fourth studio album by the Australian singer-songwriter Tame Impala (Kevin Parker). 'The Slow Rush' was recorded between Los Angeles and Parker's studio in his hometown of Fremantle, Australia. The album is Parker's deep dive into the oceans of time, conjuring the feeling of a lifetime in a lightning bolt, of major milestones whizzing by while you're looking at your phone, it's a paean to creation and destruction and the unending cycle of life.", "track_list": "1. One More Year - Tame Impala\r\n2. Instant Delivery - Tame Impala\r\n3. Borderline - Tame Impala\r\n4. Posthumous Forgiveness - Tame Impala\r\n5. Breathe Deeper - Tame Impala\r\n6. Tomorrow's Dust - Tame Impala\r\n7. On Track - Tame Impala\r\n8. Lost in Yesterday - Tame Impala\r\n9. Is It True - Tame Impala\r\n10. It Might Be Time - Tame Impala\r\n11. Glimmer - Tame Impala\r\n12. One More Hour - Tame Impala", "genre": 3, "price": "27.95", "is_feature": false, "is_hifi_deal": false, "rating": null, "image_url": null, "image": "ti_tsr.png"}}, {"model": "products.product", "pk": 21, "fields": {"category": 1, "sku": "VIN-WS-GH-001", "name": "Greatest Hits", "artist_name": 45, "description": "This essential career-spanning collection showcases 26 previously released peak performances by the duo. The album is produced by and features Jack White (guitar, vocals, piano, organ, synthesizer, marimba) and Meg White (drums, vocals).", "track_list": "1. Let's Shake Hands - The White Stripes (2.04)\r\n2. The Big Three Killed My Baby - The White Stripes (2.29)\r\n3. Fell in Love With a Girl - The White Stripes (1.5)\r\n4. Hello Operator - The White Stripes (2.36)\r\n5. I'm Slowly Turning Into You - The White Stripes (4.34)\r\n6. The Hardest Button to Button - The White Stripes (3.3)\r\n7. The Nurse - The White Stripes (3.47)\r\n8. Screwdriver - The White Stripes (3.14)\r\n9. Dead Leaves and the Dirty Ground - The White Stripes (3.03)\r\n10. Death Letter - The White Stripes (4.29)\r\n11. We're Going to Be Friends - The White Stripes (2.22)\r\n12. The Denial Twist - The White Stripes (2.35)\r\n13. I Just Don't Know What to Do With Myself - The White Stripes (2.46)\r\n14. Astro - The White Stripes (2.42)\r\n15. Conquest - The White Stripes (2.48)\r\n16. Jolene - The White Stripes (3.17)\r\n17. Hotel Yorba - The White Stripes (2.1)\r\n18. Apple Blossom - The White Stripes (2.13)\r\n19. Blue Orchid - The White Stripes (2.37)\r\n20. Ball and Biscuit - The White Stripes (7.19)\r\n21. I Fought Piranhas - The White Stripes (3.07)\r\n22. I Think I Smell a Rat - The White Stripes (2.04)\r\n23. Icky Thump - The White Stripes (4.14)\r\n24. My Doorbell - The White Stripes (4.01)\r\n25. You're Pretty Good Looking (For a Girl) - The White Stripes (1.49)\r\n26. Seven Nation Army - The White Stripes (3.51)", "genre": 1, "price": "32.95", "is_feature": false, "is_hifi_deal": false, "rating": null, "image_url": null, "image": "ws_gh.png"}}, {"model": "products.product", "pk": 22, "fields": {"category": 1, "sku": "VIN-F-WWD-001", "name": "What Went Down", "artist_name": 46, "description": "Fourth studio album by the British indie rock band. Featuring the singles 'What Went Down' and 'Mountain at My Gates', the album debuted at #3 in the UK Albums Chart.", "track_list": "1. What Went Down - Foals (5)\r\n2. Mountain at My Gates - Foals (4.02)\r\n3. Birch Tree - Foals (4.21)\r\n4. Give It All - Foals (4.47)\r\n5. Albatross - Foals (5.23)\r\n6. Snake Oil - Foals (4.21)\r\n7. Night Swimmers - Foals (4.44)\r\n8. London Thunder - Foals (4.14)\r\n9. Lonely Hunter - Foals (4.37)\r\n10. A Knife in the Ocean - Foals (6.52)", "genre": 3, "price": "17.95", "is_feature": false, "is_hifi_deal": true, "rating": null, "image_url": null, "image": "f_wwd.png"}}, {"model": "products.product", "pk": 23, "fields": {"category": 1, "sku": "VIN-KL-GKMC-001", "name": "Good Kid M.a.a.d City", "artist_name": 47, "description": "Second studio album from the American hip hop artist. Featuring guest appearances from Jay Rock, Drake, MC Eiht and Anna Wise, it is a concept album following the story of Lamar's upbringing in California. This deluxe edition features three bonus tracks.", "track_list": "1. Sherane Aka Master Splinter's Daughter - Kendrick Lamar (4.33)\r\n2. Bitch, Don't Kill My Vibe - Kendrick Lamar (5.1)\r\n3. Backseat Freestyle - Kendrick Lamar (3.32)\r\n4. The Art of Peer Pressure - Kendrick Lamar (5.24)\r\n5. Money Trees (Feat. Jay Rock) - Kendrick Lamar (6.26)\r\n6. Poetic Justice (Feat. Drake) - Kendrick Lamar (5)\r\n7. Good Kid - Kendrick Lamar (3.34)\r\n8. M.A.A.d City (Feat. MC Eiht) - Kendrick Lamar (5.5)\r\n9. Swimming Pools (Drank) - Kendrick Lamar (5.13)\r\n10. Sing About Me, I'm Dying of Thirst - Kendrick Lamar (12.03)\r\n11. Real (Feat. Anna Wise) - Kendrick Lamar (7.23)\r\n12. Compton (Feat. Dr. Dre) - Kendrick Lamar (4.08)\r\n1. The Recipe (Feat. Dr. Dre) (Bonus Track) - Kendrick Lamar (5.52)\r\n2. Black Boy Fly (Bonus Track) - Kendrick Lamar (4.38)\r\n3. Now Or Never (Feat. Mary J. Blige) (Bonus Track) - Kendrick Lamar (4.17)", "genre": 2, "price": "29.95", "is_feature": false, "is_hifi_deal": false, "rating": null, "image_url": null, "image": "kl_gkmc.png"}}, {"model": "products.product", "pk": 24, "fields": {"category": 1, "sku": "VIN-KL-TPAB-001", "name": "To Pimp A Butterfly", "artist_name": 47, "description": "Third studio album by the American rapper. Featuring the singles 'i', 'King Kunta' and 'The Blacker the Berry' featuring Assassin, the album debuted at #1 in the UK Albums Chart.", "track_list": "1. Wesley's Theory (Feat. George Clinton & Thundercat) - Kendrick Lamar (4.47)\r\n2. For Free? (Interlude) - Kendrick Lamar (2.1)\r\n3. King Kunta - Kendrick Lamar (3.54)\r\n4. Institutionalized (Feat. Bilal, Anna Wise & Snoop Dogg) - Kendrick Lamar (4.31)\r\n5. These Walls (Feat. Bilal, Anna Wise & Thundercat) - Kendrick Lamar (5)\r\n6. U - Kendrick Lamar (4.28)\r\n7. Alright - Kendrick Lamar (3.39)\r\n8. For Sale? (Interlude) - Kendrick Lamar (4.51)\r\n9. Momma - Kendrick Lamar (4.43)\r\n10. Hood Politics - Kendrick Lamar (4.52)\r\n11. How Much a Dollar Cost (Feat. James Fauntleroy & Ronald Isley) - Kendrick Lamar (4.21)\r\n12. Complexion (A Zulu Love) (Feat. Rapsody) - Kendrick Lamar (4.23)\r\n13. The Blacker the Berry (Feat. Assassin) - Kendrick Lamar (5.28)\r\n14. You Ain't Gotta Lie (Momma Said) - Kendrick Lamar (4.01)\r\n15. I (Extended Version) - Kendrick Lamar (5.36)\r\n16. Mortal Man - Kendrick Lamar (12.07)", "genre": 2, "price": "29.95", "is_feature": true, "is_hifi_deal": false, "rating": null, "image_url": null, "image": "kl_tpab.png"}}, {"model": "products.product", "pk": 25, "fields": {"category": 1, "sku": "VIN-KW-LR-001", "name": "Late Registration", "artist_name": 48, "description": "Second studio album by the American hip hop artist. Singles from the album include 'Gold Digger' (featuring Jamie Foxx), 'Heard 'Em Say' (featuring Adam Levine), 'Touch the Sky' (featuring Lupe Fiasco) and 'Diamonds from Sierra Leone' (featuring Jay-Z).", "track_list": "1. Wake Up Mr. West - Kanye West (0.41)\r\n2. Heard 'Em Say (Feat. Adam Levine) - Kanye West (3.23)\r\n3. Touch the Sky (Feat. Lupe Fiasco) - Kanye West (3.57)\r\n4. Gold Digger (Feat. Jamie Foxx) - Kanye West (3.28)\r\n5. Skit #1 - Kanye West (0.33)\r\n6. Drive Slow (Feat. Paul Wall & GLC) - Kanye West (4.32)\r\n7. My Way Home - Common (1.43)\r\n8. Crack Music (Feat. The Game) - Kanye West (4.31)\r\n9. Roses - Kanye West (4.05)\r\n10. Bring Me Down (Feat. Brandy) - Kanye West (3.18)\r\n1. Addiction - Kanye West (4.27)\r\n2. Skit #2 - Kanye West (0.31)\r\n3. Diamonds from Sierra Leone (Feat. Jay-Z) [remix] - Kanye West (3.53)\r\n4. We Major (Feat. Nas and Really Doe) - Kanye West (7.28)\r\n5. Skit #3 - Kanye West (0.24)\r\n6. Hey Mama - Kanye West (5.05)\r\n7. Celebration - Kanye West (3.18)\r\n8. Skit #4 - Kanye West (1.18)\r\n9. Gone (Feat. Consequence & Cam'Ron) - Kanye West (5.33)", "genre": 2, "price": "24.95", "is_feature": false, "is_hifi_deal": false, "rating": null, "image_url": null, "image": "kw_lr.png"}}, {"model": "products.product", "pk": 26, "fields": {"category": 1, "sku": "VIN-NWA-SOC-001", "name": "Straight Outta Compton", "artist_name": 49, "description": "Debut studio album by the legendary American hip hop group, originally released in 1988. Considered one of the most influential albums of all time, it features the tracks 'Straight Outta Compton', 'Gangsta Gangsta', 'Express Yourself' and 'Fuck tha Police'.", "track_list": "1. Straight Outta Compton - N.W.A (4.19)\r\n2. Fuck Tha Police - N.W.A (5.46)\r\n3. Gangsta Gangsta - N.W.A (5.36)\r\n4. If It Ain't Ruff - N.W.A (3.34)\r\n5. Parental Discretion Iz Advised - N.W.A (5.16)\r\n6. Express Yourself - N.W.A (4.25)\r\n7. Compton's N the House - N.W.A (5.2)\r\n8. I Ain't Tha One - N.W.A (4.54)\r\n9. Dopeman - N.W.A (5.2)\r\n10. Quiet On Tha Set - N.W.A (3.59)", "genre": 2, "price": "22.95", "is_feature": false, "is_hifi_deal": false, "rating": null, "image_url": null, "image": "nwa_soc.png"}}, {"model": "products.product", "pk": 27, "fields": {"category": 1, "sku": "VIN-TTC-I-001", "name": "Igor", "artist_name": 50, "description": "Fifth studio album by the American hip-hop artist, featuring guest appearances from Playboi Carti, Lil Uzi Vert, Solange, Kanye West, and Jerrod Carmichael, along with backing vocals from Santigold, Jessy Wilson, La Roux, CeeLo Green, Charlie Wilson, Slowthai, and Pharrell, among others. The album includes the single 'Earfquake'.", "track_list": "1. Igor's Theme - Tyler, The Creator (3.2)\r\n2. Earfquake - Tyler, The Creator (3.1)\r\n3. I Think - Tyler, The Creator (3.32)\r\n4. Boyfriend - Tyler, The Creator (4)\r\n5. Running Out of Time - Tyler, The Creator (2.57)\r\n6. New Magic Wand - Tyler, The Creator (3.15)\r\n7. A Boy Is a Gun - Tyler, The Creator (3.3)\r\n8. Puppet - Tyler, The Creator (2.59)\r\n9. What's Good - Tyler, The Creator (3.25)\r\n10. Gone, Gone/Thank You - Tyler, The Creator (6.15)\r\n11. I Don't Love You Anymore - Tyler, The Creator (2.41)\r\n12. Are We Still Friends? - Tyler, The Creator (4.25)", "genre": 2, "price": "28.95", "is_feature": false, "is_hifi_deal": false, "rating": null, "image_url": null, "image": "ttc_i.png"}}, {"model": "products.product", "pk": 28, "fields": {"category": 1, "sku": "VIN-WTC-ETWT-001", "name": "Enter The Wu-Tang", "artist_name": 51, "description": "Classic debut album by the legendary hip hop collective, originally released in 1993. The gritty, distinctive sound of 'Enter the Wu-Tang (36 Chambers)' created a blueprint for hardcore hip-hop during the 1990s, and helped return New York City hip-hop to national prominence. The album features the singles 'Protect Ya Neck', 'Method Man', 'C.R.E.A.M.' and 'Can It Be All So Simple'. Released_ February 22, 1994", "track_list": "1. Bring Da Ruckus - Wu-Tang Clan (4.11)\r\n2. Shame On a Nigga - Wu-Tang Clan (2.57)\r\n3. Clan in Da Front - Wu-Tang Clan (4.33)\r\n4. Wu-Tang: 7th Chamber - Wu-Tang Clan (6.07)\r\n5. Can It Be All So Simple - Wu-Tang Clan (6.53)\r\n6. Da Mystery of Chessboxin' - Wu-Tang Clan (4.47)\r\n7. Wu-Tang Clan Ain't Nuthing Ta F' Wit - Wu-Tang Clan (3.36)\r\n8. C.R.E.A.M - Wu-Tang Clan (4.12)\r\n9. Method Man - Wu-Tang Clan (5.51)\r\n10. Protect Ya Neck - Wu-Tang Clan (4.51)\r\n11. Tearz - Wu-Tang Clan (4.18)\r\n12. Wu-Tang: 7th Chamber Part II - Wu-Tang Clan (6.1)", "genre": 2, "price": "23.95", "is_feature": false, "is_hifi_deal": false, "rating": null, "image_url": null, "image": "wtc_etwt.png"}}, {"model": "products.product", "pk": 30, "fields": {"category": 2, "sku": "TT-ATT-001", "name": "AUDIO TECHNICA TURNTABLE (ATLP60XBKBT)", "artist_name": null, "description": "Fully Automatic Belt-Drive Turntable in Black\r\n\r\nFeatures\r\nTwo speeds: 33⅓, 45 RPM\r\nConnects Wirelessly to Speakers & other Devices Equipped with Bluetooth\r\nBuilt-in switchable phono pre-amplifier\r\nProfessional Die-Cast Aluminium PlatterWired Connection Available", "track_list": "", "genre": null, "price": "199.00", "is_feature": false, "is_hifi_deal": true, "rating": null, "image_url": null, "image": "ATT1.png"}}, {"model": "products.product", "pk": 31, "fields": {"category": 3, "sku": "S-WS-001", "name": "WHARFEDALE SPEAKERS (DS2)", "artist_name": null, "description": "DS-2 stereo Bluetooth speaker system delivers hi-fi sound in miniaturised form – perfect to place on a desk, table or shelf\r\n\r\nBased on the now-discontinued DS-1, a similarly diminutive pair of Bluetooth speakers widely acknowledged as the best available under £200 – “petite little desktop speakers that sound fantastic for the money,” said What Hi-Fi? whilst presenting them with an Award in 2015.\r\n\r\nIn contrast to most Bluetooth speakers, the DS-2 is a pair of proper two-way hi-fi speakers shrunk to desktop size, standing just 190mm high, 120mm wide and 140mm deep.\r\n\r\nThe mid/bass driver’s cone is fashioned from woven polypropylene, chosen for its ideal combination of lightness, strength and low coloration. Both drive units are protected by specially designed metal grilles, while a rear-firing port augments low-frequency performance to provide bass that’s surprisingly deep and punchy for the speakers’ size.\r\n\r\nInside the master speaker nestles new-generation, high-performance digital amplification outputting 2x15W continuous and 2x30W peak. This drives the treble and mid/bass units via a high-quality crossover network containing select audio-grade.\r\n\r\nBluetooth provides simple wireless pairing with smartphones, tablets, PCs and Macs, complete with support for the sonically superior aptX codec. Flexibility is further enhanced by a 3.5mm analogue stereo input and supplied cable.", "track_list": "", "genre": null, "price": "229.00", "is_feature": false, "is_hifi_deal": true, "rating": null, "image_url": null, "image": "ws1.png"}}, {"model": "products.genre", "pk": 1, "fields": {"name": "Rock", "friendly_name": "Rock"}}, {"model": "products.genre", "pk": 2, "fields": {"name": "Hip Hop & Rap", "friendly_name": "Hip Hop & Rap"}}, {"model": "products.genre", "pk": 3, "fields": {"name": "Indie & Alternative", "friendly_name": "Indie & Alternative"}}, {"model": "products.genre", "pk": 4, "fields": {"name": "Pop", "friendly_name": "Pop"}}, {"model": "products.genre", "pk": 5, "fields": {"name": "Blues", "friendly_name": "Blues"}}, {"model": "products.genre", "pk": 6, "fields": {"name": "Jazz", "friendly_name": "Jazz"}}, {"model": "products.artist", "pk": 32, "fields": {"name": "Fleetwood Mac"}}, {"model": "products.artist", "pk": 33, "fields": {"name": "Pink Floyd"}}, {"model": "products.artist", "pk": 34, "fields": {"name": "The Beatles"}}, {"model": "products.artist", "pk": 35, "fields": {"name": "The Smiths"}}, {"model": "products.artist", "pk": 36, "fields": {"name": "The Beach Boys"}}, {"model": "products.artist", "pk": 37, "fields": {"name": "The Stone Roses"}}, {"model": "products.artist", "pk": 38, "fields": {"name": "Radiohead"}}, {"model": "products.artist", "pk": 39, "fields": {"name": "Fontaines D.C."}}, {"model": "products.artist", "pk": 41, "fields": {"name": "The Strokes"}}, {"model": "products.artist", "pk": 42, "fields": {"name": "Oasis"}}, {"model": "products.artist", "pk": 43, "fields": {"name": "Bon Iver"}}, {"model": "products.artist", "pk": 44, "fields": {"name": "Tame Impala"}}, {"model": "products.artist", "pk": 45, "fields": {"name": "White Stripes"}}, {"model": "products.artist", "pk": 46, "fields": {"name": "Foals"}}, {"model": "products.artist", "pk": 47, "fields": {"name": "Kendrick Lamar"}}, {"model": "products.artist", "pk": 48, "fields": {"name": "Kanye West"}}, {"model": "products.artist", "pk": 49, "fields": {"name": "N.W.A"}}, {"model": "products.artist", "pk": 50, "fields": {"name": "Tyler, The Creator"}}, {"model": "products.artist", "pk": 51, "fields": {"name": "Wu Tang Clan"}}, {"model": "products.artist", "pk": 52, "fields": {"name": "Arctic Monkeys"}}, {"model": "checkout.order", "pk": 22, "fields": {"order_number": "0E1C8C9EE9C44EDF8D8AF5B1C94A88BE", "user_profile": null, "full_name": "Shane Dunne", "email": "shanejjdunne@hotmail.com", "phone_number": "0860363623", "country": "IE", "postcode": "H91 NY71", "town_or_city": "Galway", "street_address1": "Grattan Road, Salthill", "street_address2": "17 Radharc an Chlair", "county": "Galway", "date": "2021-11-04T17:25:58.359Z", "shipping_cost": "0.00", "order_total": "143.70", "grand_total": "143.70", "original_bag": "{\"2\": 4, \"1\": 1, \"6\": 1}", "stripe_pid": "pi_3Js9h1AhGJpAzUlL1LhxfuLE"}}, {"model": "checkout.order", "pk": 23, "fields": {"order_number": "B418E334289E4784A33181AF14921D08", "user_profile": null, "full_name": "Shane Dunne", "email": "shanejjdunne@hotmail.com", "phone_number": "0860363623", "country": "IE", "postcode": "H91 NY71", "town_or_city": "Galway", "street_address1": "Grattan Road, Salthill", "street_address2": "17 Radharc an Chlair", "county": "Galway", "date": "2021-11-04T17:36:38.704Z", "shipping_cost": "0.00", "order_total": "49.90", "grand_total": "49.90", "original_bag": "{\"1\": 1, \"3\": 1}", "stripe_pid": "pi_3Js9rPAhGJpAzUlL07Bds4zN"}}, {"model": "checkout.order", "pk": 24, "fields": {"order_number": "B5A4F8E477324AB5816F3A9F3F8B8446", "user_profile": null, "full_name": "Test Test", "email": "test@test.com", "phone_number": "0860363623", "country": "IE", "postcode": "H91 NY71", "town_or_city": "Galway", "street_address1": "Grattan Road, Salthill", "street_address2": "17 Radharc an Chlair", "county": "Galway", "date": "2021-11-04T17:42:05.135Z", "shipping_cost": "0.00", "order_total": "229.00", "grand_total": "229.00", "original_bag": "{\"31\": 1}", "stripe_pid": "pi_3Js9waAhGJpAzUlL1kT0AR3k"}}, {"model": "checkout.order", "pk": 25, "fields": {"order_number": "451D2E750D644D5EA7F107187D9C5AE7", "user_profile": null, "full_name": "test", "email": "test@test.com", "phone_number": "0860363623", "country": "IE", "postcode": "H91 NY71", "town_or_city": "Galway", "street_address1": "Grattan Road, Salthill", "street_address2": "17 Radharc an Chlair", "county": "Galway", "date": "2021-11-04T17:48:28.952Z", "shipping_cost": "2.00", "order_total": "19.95", "grand_total": "21.94", "original_bag": "{\"1\": 1}", "stripe_pid": "pi_3JsA2kAhGJpAzUlL1WagPRjG"}}, {"model": "checkout.order", "pk": 26, "fields": {"order_number": "EDAB359410AC4F79841D6631057B1BBD", "user_profile": null, "full_name": "test", "email": "test@test.com", "phone_number": "0860363623", "country": "IE", "postcode": "H91 NY71", "town_or_city": "Galway", "street_address1": "Grattan Road, Salthill", "street_address2": "17 Radharc an Chlair", "county": "Galway", "date": "2021-11-04T17:58:34.388Z", "shipping_cost": "0.00", "order_total": "74.85", "grand_total": "74.85", "original_bag": "{\"2\": 3}", "stripe_pid": "pi_3JsACaAhGJpAzUlL0Gpz2MqQ"}}, {"model": "checkout.orderlineitem", "pk": 28, "fields": {"order": 22, "product": 2, "quantity": 4, "lineitem_total": "99.80"}}, {"model": "checkout.orderlineitem", "pk": 29, "fields": {"order": 22, "product": 1, "quantity": 1, "lineitem_total": "19.95"}}, {"model": "checkout.orderlineitem", "pk": 30, "fields": {"order": 22, "product": 6, "quantity": 1, "lineitem_total": "23.95"}}, {"model": "checkout.orderlineitem", "pk": 31, "fields": {"order": 23, "product": 1, "quantity": 1, "lineitem_total": "19.95"}}, {"model": "checkout.orderlineitem", "pk": 32, "fields": {"order": 23, "product": 3, "quantity": 1, "lineitem_total": "29.95"}}, {"model": "checkout.orderlineitem", "pk": 33, "fields": {"order": 24, "product": 31, "quantity": 1, "lineitem_total": "229.00"}}, {"model": "checkout.orderlineitem", "pk": 34, "fields": {"order": 25, "product": 1, "quantity": 1, "lineitem_total": "19.95"}}, {"model": "checkout.orderlineitem", "pk": 35, "fields": {"order": 26, "product": 2, "quantity": 3, "lineitem_total": "74.85"}}, {"model": "profiles.userprofile", "pk": 1, "fields": {"user": 2, "default_phone_number": null, "default_street_address1": null, "default_street_address2": null, "default_town_or_city": null, "default_county": null, "default_country": null, "default_postcode": null}}, {"model": "profiles.userprofile", "pk": 3, "fields": {"user": 4, "default_phone_number": null, "default_street_address1": null, "default_street_address2": null, "default_town_or_city": null, "default_county": null, "default_country": null, "default_postcode": null}}, {"model": "profiles.userprofile", "pk": 4, "fields": {"user": 5, "default_phone_number": null, "default_street_address1": null, "default_street_address2": null, "default_town_or_city": null, "default_county": null, "default_country": null, "default_postcode": null}}, {"model": "profiles.userprofile", "pk": 5, "fields": {"user": 6, "default_phone_number": null, "default_street_address1": null, "default_street_address2": null, "default_town_or_city": null, "default_county": null, "default_country": null, "default_postcode": null}}, {"model": "profiles.userprofile", "pk": 6, "fields": {"user": 7, "default_phone_number": null, "default_street_address1": null, "default_street_address2": null, "default_town_or_city": null, "default_county": null, "default_country": null, "default_postcode": null}}, {"model": "blog.blog", "pk": 4, "fields": {"image": "Innerspeaker_Vinyl_4FPo9Z7.jpg", "title": "Tame Impala: InnerSpeaker – 10th Anniversary Edition – album review - TEST", "author": 2, "created_time": "2021-11-05T15:52:19.395Z", "content": "<p><em>&ldquo;We woke up one morning to record this song, Jeremy&rsquo;s Storm. We were sort of doing guitar takes and stuff, while the weather outside was really picking up to the point that it was the most intense storm [&hellip;]. The roof was leaking everywhere, all over the control room, pots and pans. The whole house was shattering, it was literally shaking.&rdquo;</em></p>\r\n<p>Blurry footage displays Kevin Parker casually sitting on a sofa and recalling one of the pivotal InnerSpeaker recording sessions. During the winter of 2009, Wave House, a beach hut and DIY studio facility based in Western Australia, became a natural habitat for the single-minded musician and members of Parker&rsquo;s brainchild, Tame Impala. Despite the proximity of the Indian ocean and the burden of storms, everyone survived the blast. All the more, recorded in this turbulent environment, InnerSpeaker became one of the decade&rsquo;s greatest records that defined the sound of contemporary psychedelia.</p>\r\n<p>InnerSpeaker Memories, a short film released in the wake of Parker&rsquo;s milestone album&rsquo;s reissue, cuts the long story short. Yet, this retrospective documentary with a home video feel delivers the irresistible nature of the music, emerging in between obsessive recording and fun-poking conversations. Storm, indeed, defines the spirit of the album. Starting with the melancholy-driven It&rsquo;s Not Meant to Be, the record accumulates the force which reaches its most tumultuous on Runway, Houses, City, Clouds.</p>\r\n<p>Preceding the chart-sweeping Lonerism, Innerspeaker already revealed Parker&rsquo;s passion for pop, both in its broad and narrow sense. One of the scenes from InnerSpeaker Memories shows the long-haired songwriter slicing parmesan and wiggling to the newly recorded Solitude Is Bliss. Ten years later he would be dancing in a similar fashion on the main stage of the Glastonbury festival. No cheese now.</p>\r\n<div class=\"google-auto-placed ap_container\">&nbsp;</div>\r\n<p>Still, this would be far ahead in 2010. Released in May that year, the debut InnerSpeaker made an impression on the music industry. Coated in the sound nodding to the 60&rsquo;s psychedelia, it communicates alienation in a contemporary sense. The album was praised with awards both in the band&rsquo;s homeland and abroad. Packed with supplementary audio materials as well as a beautifully crafted booklet, the anniversary reissue augments the perception of a listener. The box contains four LPs &ndash; two presenting the re-mastered songs from the album, two more with remixes and additional recordings that were made during the sessions at Wave House.</p>\r\n<p>Demos add a new dimension to the record, displaying the density of ideas in the air. A medley of fragments, bleeding one into another or glued together with technical sounds, e.g. click track and low buzz, create a Swedish progg texture akin to Dungen. Some of them are future-in-the-past references. Featuring fuzz-infused guitar, a piece that would later become the intro of Endors Toi, the second track on Lonerism, appears slightly heavier here.</p>\r\n<p>Overall, these sketches echo with scans of work-in-progress materials displayed in the anniversary booklet. Those are notebook pages with a hand-written list of songs&rsquo; production titles and elaborate structure of some tracks. Still, the nerdy elements showing the laborious side of the recording co-exist with the joy of spontaneity. Occupying side B of the final vinyl, Wave House Live Jam is a fluid 18-minute improvisation that evokes the atmosphere of the Australian seaside. Switching between fuzz and delay, the trippy guitar of Parker shapes a free-flowing conversation with a bass line of Dom (Dominic) Simper and a drum pattern performed by Matthew C. Saville. To Parker, who describes himself in the liner notes as introverted and shy, the jam format has, indeed, been a sort of communication. In the documentary, he says: &ldquo;I love things where other things communicate with each other but not through words. Jam is one of those. It can be anything. Like a convoy of ships. It is a communication between things without talking&rdquo;.</p>\r\n<p>&nbsp;</p>\r\n<p>With its multidimensional quality, this reissue is a treat for devoted fans of Tame Impala. While the first two parts of the box set are transparent, the third LP triggers questions. Presented there, instrumental versions of Why Won&rsquo;t You Make Up Your Mind and It&rsquo;s Not Meant To Be differ from the original tracks in that they only lack their vocal tracks. Of course, even these minor changes give a new perspective to the songs. Hearing a kazoo in the chorus of In All Honesty (the working title of It&rsquo;s Not Meant To Be) is impressive as it is always veiled by dense vocals on the album version. Such differences would however be notable only for someone with a keen ear for the band&rsquo;s music.</p>\r\n<p>Also, shifting between mainstream and DIY, the concept of the release feels slightly inconsistent. The massive box is released on Universal Music, which underlines the status of the band now. Yet, the booklet contains no liner notes from other writers than Kevin Parker. Moreover, it is created by the same people who were initially involved in the production of InnerSpeaker back in 2009. It is nonetheless soothing to revisit this great record in the reissue format celebrating its longevity. The storm of the past still echoes and reverberates through the years.</p>"}}, {"model": "wishlist.wishlist", "pk": 1, "fields": {"user": 4, "products": [1, 28]}}, {"model": "wishlist.wishlist", "pk": 4, "fields": {"user": 7, "products": []}}]